sku_id,product_name,category,is_assembly_required
SKU-FURN-00001,Furnitur Kayu Olahan 407,Office Chair,True
SKU-FURN-00002,Furnitur Kayu Olahan 536,Wardrobe,True
SKU-FURN-00003,Sofa Japandi Minimalis 867,Sofa,True
SKU-FURN-00004,Furnitur Kayu Olahan 727,Kursi Kerja,True
SKU-FURN-00005,Furnitur Kayu Olahan 363,Wardrobe,True
SKU-FURN-00006,Furnitur Kayu Olahan 229,Lemari,True
SKU-FURN-00007,Furnitur Kayu Olahan 148,Office Chair,True
SKU-FURN-00008,Furnitur Kayu Olahan 185,Wardrobe,True
SKU-FURN-00009,Sofa Japandi Minimalis 808,Sofa,False
SKU-FURN-00010,Sofa Japandi Minimalis 221,Sofa,False
SKU-FURN-00011,Furnitur Kayu Olahan 101,Kursi Kerja,True
SKU-FURN-00012,Sofa Japandi Minimalis 693,sofabed,True
SKU-FURN-00013,Hiasan Meja / Karpet Aesthetic 37,Dekorasi,False
SKU-FURN-00014,Furnitur Kayu Olahan 278,Kursi Kerja,True
SKU-FURN-00015,Furnitur Kayu Olahan 880,Kursi Kerja,True
SKU-FURN-00016,Furnitur Kayu Olahan 185,Kursi Kerja,True
SKU-FURN-00017,Furnitur Kayu Olahan 486,Lemari,True
SKU-FURN-00018,Furnitur Kayu Olahan 177,Dining Table,True
SKU-FURN-00019,Sofa Japandi Minimalis 844,sofabed,True
SKU-FURN-00020,Furnitur Kayu Olahan 453,Office Chair,True
SKU-FURN-00021,Hiasan Meja / Karpet Aesthetic 20,Dekorasi,False
SKU-FURN-00022,Furnitur Kayu Olahan 241,lmri,True
SKU-FURN-00023,Furnitur Kayu Olahan 233,Wardrobe,True
SKU-FURN-00024,Furnitur Kayu Olahan 120,Dining Table,True
SKU-FURN-00025,Sofa Japandi Minimalis 482,Sofa,True
SKU-FURN-00026,Furnitur Kayu Olahan 238,Kursi Kerja,True
SKU-FURN-00027,Sofa Japandi Minimalis 527,Sofa,True
SKU-FURN-00028,Sofa Japandi Minimalis 263,Sofa,False
SKU-FURN-00029,Furnitur Kayu Olahan 555,lmri,True
SKU-FURN-00030,Hiasan Meja / Karpet Aesthetic 58,Dekorasi,False
SKU-FURN-00031,Furnitur Kayu Olahan 468,Lemari,True
SKU-FURN-00032,Furnitur Kayu Olahan 299,Meja Makan,True
SKU-FURN-00033,Sofa Japandi Minimalis 969,Sofa,False
SKU-FURN-00034,Furnitur Kayu Olahan 602,Office Chair,True
SKU-FURN-00035,Furnitur Kayu Olahan 753,Bed,True
SKU-FURN-00036,Furnitur Kayu Olahan 409,Meja Makan,True
SKU-FURN-00037,Hiasan Meja / Karpet Aesthetic 65,Dekorasi,False
SKU-FURN-00038,Furnitur Kayu Olahan 378,Lemari,True
SKU-FURN-00039,Furnitur Kayu Olahan 870,Meja Makan,True
SKU-FURN-00040,Hiasan Meja / Karpet Aesthetic 52,Dekorasi,False
SKU-FURN-00041,Furnitur Kayu Olahan 884,lmri,True
SKU-FURN-00042,Furnitur Kayu Olahan 871,Kursi Kerja,True
SKU-FURN-00043,Sofa Japandi Minimalis 163,Sofa,False
SKU-FURN-00044,Furnitur Kayu Olahan 322,Wardrobe,True
SKU-FURN-00045,Furnitur Kayu Olahan 128,Dining Table,True
SKU-FURN-00046,Furnitur Kayu Olahan 667,Dining Table,True
SKU-FURN-00047,Furnitur Kayu Olahan 972,Kursi Kerja,True
SKU-FURN-00048,Furnitur Kayu Olahan 472,Kursi Kerja,True
SKU-FURN-00049,Sofa Japandi Minimalis 774,Sofa,False
SKU-FURN-00050,Furnitur Kayu Olahan 363,lmri,True
SKU-FURN-00051,Sofa Japandi Minimalis 525,Sofa,True
SKU-FURN-00052,Hiasan Meja / Karpet Aesthetic 58,Dekorasi,False
SKU-FURN-00053,Sofa Japandi Minimalis 635,sofabed,True
SKU-FURN-00054,Furnitur Kayu Olahan 385,Wardrobe,True
SKU-FURN-00055,Furnitur Kayu Olahan 932,Meja Makan,True
SKU-FURN-00056,Furnitur Kayu Olahan 322,Lemari,True
SKU-FURN-00057,Furnitur Kayu Olahan 649,Lemari,True
SKU-FURN-00058,Furnitur Kayu Olahan 650,Kursi Kerja,True
SKU-FURN-00059,Furnitur Kayu Olahan 138,Dining Table,True
SKU-FURN-00060,Furnitur Kayu Olahan 303,Wardrobe,True
SKU-FURN-00061,Sofa Japandi Minimalis 921,sofabed,False
SKU-FURN-00062,Sofa Japandi Minimalis 755,Sofa,False
SKU-FURN-00063,Hiasan Meja / Karpet Aesthetic 47,Dekorasi,False
SKU-FURN-00064,Furnitur Kayu Olahan 992,lmri,True
SKU-FURN-00065,Furnitur Kayu Olahan 489,Kursi Kerja,True
SKU-FURN-00066,Furnitur Kayu Olahan 537,Meja Makan,True
SKU-FURN-00067,Hiasan Meja / Karpet Aesthetic 60,Dekorasi,False
SKU-FURN-00068,Furnitur Kayu Olahan 125,lmri,True
SKU-FURN-00069,Furnitur Kayu Olahan 566,Kursi Kerja,True
SKU-FURN-00070,Furnitur Kayu Olahan 140,Meja Makan,True
SKU-FURN-00071,Hiasan Meja / Karpet Aesthetic 98,Dekorasi,False
SKU-FURN-00072,Furnitur Kayu Olahan 564,Office Chair,True
SKU-FURN-00073,Furnitur Kayu Olahan 509,Office Chair,True
SKU-FURN-00074,Sofa Japandi Minimalis 214,Sofa,True
SKU-FURN-00075,Hiasan Meja / Karpet Aesthetic 96,Dekorasi,False
SKU-FURN-00076,Furnitur Kayu Olahan 447,Wardrobe,True
SKU-FURN-00077,Furnitur Kayu Olahan 669,Wardrobe,True
SKU-FURN-00078,Furnitur Kayu Olahan 711,Kursi Kerja,True
SKU-FURN-00079,Furnitur Kayu Olahan 640,Lemari,True
SKU-FURN-00080,Furnitur Kayu Olahan 551,Dining Table,True
SKU-FURN-00081,Sofa Japandi Minimalis 863,Sofa,False
SKU-FURN-00082,Sofa Japandi Minimalis 875,sofabed,True
SKU-FURN-00083,Sofa Japandi Minimalis 541,Sofa,False
SKU-FURN-00084,Furnitur Kayu Olahan 885,Meja Makan,True
SKU-FURN-00085,Furnitur Kayu Olahan 993,Meja Makan,True
SKU-FURN-00086,Furnitur Kayu Olahan 792,Kursi Kerja,True
SKU-FURN-00087,Hiasan Meja / Karpet Aesthetic 72,Dekorasi,False
SKU-FURN-00088,Furnitur Kayu Olahan 318,Wardrobe,True
SKU-FURN-00089,Furnitur Kayu Olahan 741,Kursi Kerja,True
SKU-FURN-00090,Sofa Japandi Minimalis 185,Sofa,False
SKU-FURN-00091,Furnitur Kayu Olahan 786,lmri,True
SKU-FURN-00092,Furnitur Kayu Olahan 776,Meja Makan,True
SKU-FURN-00093,Hiasan Meja / Karpet Aesthetic 16,Dekorasi,False
SKU-FURN-00094,Sofa Japandi Minimalis 471,sofabed,False
SKU-FURN-00095,Furnitur Kayu Olahan 494,Dining Table,True
SKU-FURN-00096,Hiasan Meja / Karpet Aesthetic 72,Dekorasi,False
SKU-FURN-00097,Furnitur Kayu Olahan 204,Wardrobe,True
SKU-FURN-00098,Furnitur Kayu Olahan 480,Office Chair,True
SKU-FURN-00099,Furnitur Kayu Olahan 898,Kursi Kerja,True
SKU-FURN-00100,Sofa Japandi Minimalis 637,Sofa,True
SKU-FURN-00101,Furnitur Kayu Olahan 863,Kursi Kerja,True
SKU-FURN-00102,Furnitur Kayu Olahan 840,Wardrobe,True
SKU-FURN-00103,Sofa Japandi Minimalis 151,sofabed,False
SKU-FURN-00104,Hiasan Meja / Karpet Aesthetic 91,Dekorasi,False
SKU-FURN-00105,Furnitur Kayu Olahan 429,Lemari,True
SKU-FURN-00106,Furnitur Kayu Olahan 459,Kursi Kerja,True
SKU-FURN-00107,Furnitur Kayu Olahan 538,Office Chair,True
SKU-FURN-00108,Sofa Japandi Minimalis 791,Sofa,False
SKU-FURN-00109,Furnitur Kayu Olahan 552,Wardrobe,True
SKU-FURN-00110,Hiasan Meja / Karpet Aesthetic 31,Dekorasi,False
SKU-FURN-00111,Furnitur Kayu Olahan 363,lmri,True
SKU-FURN-00112,Furnitur Kayu Olahan 945,Wardrobe,True
SKU-FURN-00113,Furnitur Kayu Olahan 460,Bed,True
SKU-FURN-00114,Furnitur Kayu Olahan 421,Meja Makan,True
SKU-FURN-00115,Furnitur Kayu Olahan 986,Office Chair,True
SKU-FURN-00116,Furnitur Kayu Olahan 936,Dining Table,True
SKU-FURN-00117,Sofa Japandi Minimalis 522,Sofa,False
SKU-FURN-00118,Furnitur Kayu Olahan 718,Bed,True
SKU-FURN-00119,Furnitur Kayu Olahan 768,Bed,True
SKU-FURN-00120,Furnitur Kayu Olahan 442,lmri,True
SKU-FURN-00121,Furnitur Kayu Olahan 125,Bed,True
SKU-FURN-00122,Furnitur Kayu Olahan 237,Wardrobe,True
SKU-FURN-00123,Furnitur Kayu Olahan 451,Wardrobe,True
SKU-FURN-00124,Furnitur Kayu Olahan 499,lmri,True
SKU-FURN-00125,Furnitur Kayu Olahan 723,Wardrobe,True
SKU-FURN-00126,Sofa Japandi Minimalis 448,Sofa,True
SKU-FURN-00127,Furnitur Kayu Olahan 921,Wardrobe,True
SKU-FURN-00128,Furnitur Kayu Olahan 871,Wardrobe,True
SKU-FURN-00129,Furnitur Kayu Olahan 694,Office Chair,True
SKU-FURN-00130,Furnitur Kayu Olahan 172,Meja Makan,True
SKU-FURN-00131,Sofa Japandi Minimalis 394,Sofa,False
SKU-FURN-00132,Hiasan Meja / Karpet Aesthetic 47,Dekorasi,False
SKU-FURN-00133,Hiasan Meja / Karpet Aesthetic 89,Dekorasi,False
SKU-FURN-00134,Furnitur Kayu Olahan 123,Lemari,True
SKU-FURN-00135,Hiasan Meja / Karpet Aesthetic 13,Dekorasi,False
SKU-FURN-00136,Furnitur Kayu Olahan 919,Lemari,True
SKU-FURN-00137,Hiasan Meja / Karpet Aesthetic 50,Dekorasi,False
SKU-FURN-00138,Hiasan Meja / Karpet Aesthetic 43,Dekorasi,False
SKU-FURN-00139,Sofa Japandi Minimalis 203,Sofa,True
SKU-FURN-00140,Hiasan Meja / Karpet Aesthetic 94,Dekorasi,False
SKU-FURN-00141,Furnitur Kayu Olahan 477,Kursi Kerja,True
SKU-FURN-00142,Hiasan Meja / Karpet Aesthetic 79,Dekorasi,False
SKU-FURN-00143,Furnitur Kayu Olahan 949,Office Chair,True
SKU-FURN-00144,Furnitur Kayu Olahan 461,Kursi Kerja,True
SKU-FURN-00145,Furnitur Kayu Olahan 594,Office Chair,True
SKU-FURN-00146,Sofa Japandi Minimalis 521,Sofa,True
SKU-FURN-00147,Furnitur Kayu Olahan 194,Kursi Kerja,True
SKU-FURN-00148,Sofa Japandi Minimalis 107,sofabed,False
SKU-FURN-00149,Furnitur Kayu Olahan 133,Meja Makan,True
SKU-FURN-00150,Sofa Japandi Minimalis 842,Sofa,True
SKU-FURN-00151,Furnitur Kayu Olahan 112,Wardrobe,True
SKU-FURN-00152,Furnitur Kayu Olahan 326,Office Chair,True
SKU-FURN-00153,Sofa Japandi Minimalis 385,sofabed,True
SKU-FURN-00154,Furnitur Kayu Olahan 350,Dining Table,True
SKU-FURN-00155,Furnitur Kayu Olahan 796,Dining Table,True
SKU-FURN-00156,Sofa Japandi Minimalis 468,Sofa,False
SKU-FURN-00157,Furnitur Kayu Olahan 582,Office Chair,True
SKU-FURN-00158,Furnitur Kayu Olahan 164,Meja Makan,True
SKU-FURN-00159,Furnitur Kayu Olahan 849,Kursi Kerja,True
SKU-FURN-00160,Furnitur Kayu Olahan 137,Bed,True
SKU-FURN-00161,Sofa Japandi Minimalis 677,Sofa,True
SKU-FURN-00162,Furnitur Kayu Olahan 689,Office Chair,True
SKU-FURN-00163,Sofa Japandi Minimalis 624,sofabed,False
SKU-FURN-00164,Furnitur Kayu Olahan 275,Wardrobe,True
SKU-FURN-00165,Furnitur Kayu Olahan 439,Kursi Kerja,True
SKU-FURN-00166,Furnitur Kayu Olahan 570,Kursi Kerja,True
SKU-FURN-00167,Furnitur Kayu Olahan 104,Meja Makan,True
SKU-FURN-00168,Furnitur Kayu Olahan 594,Meja Makan,True
SKU-FURN-00169,Furnitur Kayu Olahan 691,Bed,True
SKU-FURN-00170,Hiasan Meja / Karpet Aesthetic 24,Dekorasi,False
SKU-FURN-00171,Furnitur Kayu Olahan 192,Office Chair,True
SKU-FURN-00172,Furnitur Kayu Olahan 383,Dining Table,True
SKU-FURN-00173,Furnitur Kayu Olahan 665,Bed,True
SKU-FURN-00174,Furnitur Kayu Olahan 771,Office Chair,True
SKU-FURN-00175,Sofa Japandi Minimalis 313,sofabed,True
SKU-FURN-00176,Furnitur Kayu Olahan 700,Meja Makan,True
SKU-FURN-00177,Furnitur Kayu Olahan 159,Kursi Kerja,True
SKU-FURN-00178,Hiasan Meja / Karpet Aesthetic 49,Dekorasi,False
SKU-FURN-00179,Furnitur Kayu Olahan 622,Meja Makan,True
SKU-FURN-00180,Furnitur Kayu Olahan 535,Office Chair,True
SKU-FURN-00181,Hiasan Meja / Karpet Aesthetic 61,Dekorasi,False
SKU-FURN-00182,Furnitur Kayu Olahan 342,Office Chair,True
SKU-FURN-00183,Furnitur Kayu Olahan 879,Lemari,True
SKU-FURN-00184,Furnitur Kayu Olahan 863,lmri,True
SKU-FURN-00185,Furnitur Kayu Olahan 874,Office Chair,True
SKU-FURN-00186,Furnitur Kayu Olahan 379,Office Chair,True
SKU-FURN-00187,Furnitur Kayu Olahan 957,Office Chair,True
SKU-FURN-00188,Sofa Japandi Minimalis 938,sofabed,True
SKU-FURN-00189,Furnitur Kayu Olahan 883,Wardrobe,True
SKU-FURN-00190,Hiasan Meja / Karpet Aesthetic 97,Dekorasi,False
SKU-FURN-00191,Hiasan Meja / Karpet Aesthetic 16,Dekorasi,False
SKU-FURN-00192,Hiasan Meja / Karpet Aesthetic 57,Dekorasi,False
SKU-FURN-00193,Furnitur Kayu Olahan 946,Lemari,True
SKU-FURN-00194,Sofa Japandi Minimalis 897,Sofa,True
SKU-FURN-00195,Furnitur Kayu Olahan 794,Kursi Kerja,True
SKU-FURN-00196,Hiasan Meja / Karpet Aesthetic 19,Dekorasi,False
SKU-FURN-00197,Furnitur Kayu Olahan 216,lmri,True
SKU-FURN-00198,Furnitur Kayu Olahan 250,Kursi Kerja,True
SKU-FURN-00199,Hiasan Meja / Karpet Aesthetic 37,Dekorasi,False
SKU-FURN-00200,Furnitur Kayu Olahan 554,Kursi Kerja,True
SKU-FURN-00201,Sofa Japandi Minimalis 660,sofabed,True
SKU-FURN-00202,Furnitur Kayu Olahan 901,Lemari,True
SKU-FURN-00203,Furnitur Kayu Olahan 170,Kursi Kerja,True
SKU-FURN-00204,Furnitur Kayu Olahan 628,Meja Makan,True
SKU-FURN-00205,Furnitur Kayu Olahan 413,Dining Table,True
SKU-FURN-00206,Furnitur Kayu Olahan 179,Kursi Kerja,True
SKU-FURN-00207,Hiasan Meja / Karpet Aesthetic 65,Dekorasi,False
SKU-FURN-00208,Furnitur Kayu Olahan 335,Meja Makan,True
SKU-FURN-00209,Hiasan Meja / Karpet Aesthetic 37,Dekorasi,False
SKU-FURN-00210,Sofa Japandi Minimalis 942,Sofa,True
SKU-FURN-00211,Furnitur Kayu Olahan 760,Kursi Kerja,True
SKU-FURN-00212,Sofa Japandi Minimalis 717,Sofa,False
SKU-FURN-00213,Furnitur Kayu Olahan 121,lmri,True
SKU-FURN-00214,Sofa Japandi Minimalis 684,Sofa,True
SKU-FURN-00215,Furnitur Kayu Olahan 107,Office Chair,True
SKU-FURN-00216,Sofa Japandi Minimalis 516,Sofa,False
SKU-FURN-00217,Furnitur Kayu Olahan 852,Lemari,True
SKU-FURN-00218,Furnitur Kayu Olahan 549,lmri,True
SKU-FURN-00219,Furnitur Kayu Olahan 145,Wardrobe,True
SKU-FURN-00220,Hiasan Meja / Karpet Aesthetic 71,Dekorasi,False
SKU-FURN-00221,Sofa Japandi Minimalis 918,Sofa,False
SKU-FURN-00222,Furnitur Kayu Olahan 490,Meja Makan,True
SKU-FURN-00223,Furnitur Kayu Olahan 553,Bed,True
SKU-FURN-00224,Sofa Japandi Minimalis 832,Sofa,True
SKU-FURN-00225,Sofa Japandi Minimalis 731,Sofa,False
SKU-FURN-00226,Furnitur Kayu Olahan 382,Lemari,True
SKU-FURN-00227,Furnitur Kayu Olahan 378,Lemari,True
SKU-FURN-00228,Furnitur Kayu Olahan 929,Kursi Kerja,True
SKU-FURN-00229,Furnitur Kayu Olahan 127,Bed,True
SKU-FURN-00230,Hiasan Meja / Karpet Aesthetic 98,Dekorasi,False
SKU-FURN-00231,Furnitur Kayu Olahan 649,Office Chair,True
SKU-FURN-00232,Hiasan Meja / Karpet Aesthetic 64,Dekorasi,False
SKU-FURN-00233,Furnitur Kayu Olahan 747,Lemari,True
SKU-FURN-00234,Hiasan Meja / Karpet Aesthetic 88,Dekorasi,False
SKU-FURN-00235,Furnitur Kayu Olahan 216,Wardrobe,True
SKU-FURN-00236,Furnitur Kayu Olahan 591,Meja Makan,True
SKU-FURN-00237,Sofa Japandi Minimalis 757,sofabed,False
SKU-FURN-00238,Furnitur Kayu Olahan 189,Dining Table,True
SKU-FURN-00239,Hiasan Meja / Karpet Aesthetic 74,Dekorasi,False
SKU-FURN-00240,Furnitur Kayu Olahan 198,Lemari,True
SKU-FURN-00241,Furnitur Kayu Olahan 336,Meja Makan,True
SKU-FURN-00242,Furnitur Kayu Olahan 403,lmri,True
SKU-FURN-00243,Sofa Japandi Minimalis 504,Sofa,False
SKU-FURN-00244,Hiasan Meja / Karpet Aesthetic 71,Dekorasi,False
SKU-FURN-00245,Furnitur Kayu Olahan 886,Lemari,True
SKU-FURN-00246,Sofa Japandi Minimalis 129,Sofa,True
SKU-FURN-00247,Sofa Japandi Minimalis 655,sofabed,True
SKU-FURN-00248,Furnitur Kayu Olahan 998,Meja Makan,True
SKU-FURN-00249,Sofa Japandi Minimalis 597,Sofa,True
SKU-FURN-00250,Furnitur Kayu Olahan 536,Lemari,True
SKU-FURN-00251,Sofa Japandi Minimalis 313,Sofa,False
SKU-FURN-00252,Furnitur Kayu Olahan 488,lmri,True
SKU-FURN-00253,Furnitur Kayu Olahan 431,Meja Makan,True
SKU-FURN-00254,Furnitur Kayu Olahan 880,Lemari,True
SKU-FURN-00255,Hiasan Meja / Karpet Aesthetic 75,Dekorasi,False
SKU-FURN-00256,Furnitur Kayu Olahan 988,Wardrobe,True
SKU-FURN-00257,Furnitur Kayu Olahan 429,Bed,True
SKU-FURN-00258,Furnitur Kayu Olahan 561,Meja Makan,True
SKU-FURN-00259,Furnitur Kayu Olahan 795,Dining Table,True
SKU-FURN-00260,Furnitur Kayu Olahan 826,Office Chair,True
SKU-FURN-00261,Furnitur Kayu Olahan 837,Office Chair,True
SKU-FURN-00262,Sofa Japandi Minimalis 386,Sofa,True
SKU-FURN-00263,Furnitur Kayu Olahan 933,Meja Makan,True
SKU-FURN-00264,Furnitur Kayu Olahan 154,Kursi Kerja,True
SKU-FURN-00265,Sofa Japandi Minimalis 473,Sofa,False
SKU-FURN-00266,Sofa Japandi Minimalis 191,Sofa,True
SKU-FURN-00267,Sofa Japandi Minimalis 536,Sofa,True
SKU-FURN-00268,Furnitur Kayu Olahan 423,Meja Makan,True
SKU-FURN-00269,Furnitur Kayu Olahan 656,Bed,True
SKU-FURN-00270,Sofa Japandi Minimalis 790,Sofa,True
SKU-FURN-00271,Sofa Japandi Minimalis 181,Sofa,False
SKU-FURN-00272,Furnitur Kayu Olahan 102,Lemari,True
SKU-FURN-00273,Furnitur Kayu Olahan 101,Office Chair,True
SKU-FURN-00274,Furnitur Kayu Olahan 564,Office Chair,True
SKU-FURN-00275,Hiasan Meja / Karpet Aesthetic 65,Dekorasi,False
SKU-FURN-00276,Sofa Japandi Minimalis 457,Sofa,True
SKU-FURN-00277,Furnitur Kayu Olahan 694,Office Chair,True
SKU-FURN-00278,Furnitur Kayu Olahan 957,Bed,True
SKU-FURN-00279,Sofa Japandi Minimalis 667,Sofa,True
SKU-FURN-00280,Sofa Japandi Minimalis 634,sofabed,False
SKU-FURN-00281,Sofa Japandi Minimalis 829,sofabed,True
SKU-FURN-00282,Furnitur Kayu Olahan 978,Kursi Kerja,True
SKU-FURN-00283,Furnitur Kayu Olahan 479,Kursi Kerja,True
SKU-FURN-00284,Furnitur Kayu Olahan 719,Kursi Kerja,True
SKU-FURN-00285,Hiasan Meja / Karpet Aesthetic 55,Dekorasi,False
SKU-FURN-00286,Furnitur Kayu Olahan 583,Kursi Kerja,True
SKU-FURN-00287,Furnitur Kayu Olahan 327,lmri,True
SKU-FURN-00288,Furnitur Kayu Olahan 541,Meja Makan,True
SKU-FURN-00289,Furnitur Kayu Olahan 979,lmri,True
SKU-FURN-00290,Sofa Japandi Minimalis 671,sofabed,False
SKU-FURN-00291,Sofa Japandi Minimalis 995,Sofa,False
SKU-FURN-00292,Furnitur Kayu Olahan 264,lmri,True
SKU-FURN-00293,Furnitur Kayu Olahan 160,Wardrobe,True
SKU-FURN-00294,Furnitur Kayu Olahan 503,Lemari,True
SKU-FURN-00295,Furnitur Kayu Olahan 200,Meja Makan,True
SKU-FURN-00296,Furnitur Kayu Olahan 110,Kursi Kerja,True
SKU-FURN-00297,Furnitur Kayu Olahan 734,lmri,True
SKU-FURN-00298,Furnitur Kayu Olahan 243,Bed,True
SKU-FURN-00299,Furnitur Kayu Olahan 512,Dining Table,True
SKU-FURN-00300,Furnitur Kayu Olahan 735,lmri,True
SKU-FURN-00301,Furnitur Kayu Olahan 217,Wardrobe,True
SKU-FURN-00302,Furnitur Kayu Olahan 166,Kursi Kerja,True
SKU-FURN-00303,Furnitur Kayu Olahan 825,lmri,True
SKU-FURN-00304,Furnitur Kayu Olahan 241,Dining Table,True
SKU-FURN-00305,Hiasan Meja / Karpet Aesthetic 89,Dekorasi,False
SKU-FURN-00306,Furnitur Kayu Olahan 542,Office Chair,True
SKU-FURN-00307,Hiasan Meja / Karpet Aesthetic 76,Dekorasi,False
SKU-FURN-00308,Furnitur Kayu Olahan 968,Kursi Kerja,True
SKU-FURN-00309,Sofa Japandi Minimalis 734,Sofa,True
SKU-FURN-00310,Furnitur Kayu Olahan 250,Lemari,True
SKU-FURN-00311,Hiasan Meja / Karpet Aesthetic 88,Dekorasi,False
SKU-FURN-00312,Furnitur Kayu Olahan 838,Meja Makan,True
SKU-FURN-00313,Furnitur Kayu Olahan 364,Wardrobe,True
SKU-FURN-00314,Furnitur Kayu Olahan 978,Meja Makan,True
SKU-FURN-00315,Furnitur Kayu Olahan 119,Kursi Kerja,True
SKU-FURN-00316,Furnitur Kayu Olahan 798,Office Chair,True
SKU-FURN-00317,Furnitur Kayu Olahan 818,Meja Makan,True
SKU-FURN-00318,Furnitur Kayu Olahan 901,Office Chair,True
SKU-FURN-00319,Furnitur Kayu Olahan 533,lmri,True
SKU-FURN-00320,Furnitur Kayu Olahan 728,Meja Makan,True
SKU-FURN-00321,Hiasan Meja / Karpet Aesthetic 84,Dekorasi,False
SKU-FURN-00322,Furnitur Kayu Olahan 953,Meja Makan,True
SKU-FURN-00323,Hiasan Meja / Karpet Aesthetic 75,Dekorasi,False
SKU-FURN-00324,Furnitur Kayu Olahan 927,Lemari,True
SKU-FURN-00325,Sofa Japandi Minimalis 881,Sofa,False
SKU-FURN-00326,Furnitur Kayu Olahan 936,Dining Table,True
SKU-FURN-00327,Sofa Japandi Minimalis 148,Sofa,False
SKU-FURN-00328,Hiasan Meja / Karpet Aesthetic 68,Dekorasi,False
SKU-FURN-00329,Furnitur Kayu Olahan 269,Kursi Kerja,True
SKU-FURN-00330,Hiasan Meja / Karpet Aesthetic 90,Dekorasi,False
SKU-FURN-00331,Furnitur Kayu Olahan 824,Lemari,True
SKU-FURN-00332,Sofa Japandi Minimalis 834,sofabed,True
SKU-FURN-00333,Furnitur Kayu Olahan 728,Bed,True
SKU-FURN-00334,Furnitur Kayu Olahan 954,Lemari,True
SKU-FURN-00335,Hiasan Meja / Karpet Aesthetic 65,Dekorasi,False
SKU-FURN-00336,Furnitur Kayu Olahan 516,Meja Makan,True
SKU-FURN-00337,Furnitur Kayu Olahan 409,Office Chair,True
SKU-FURN-00338,Furnitur Kayu Olahan 129,Lemari,True
SKU-FURN-00339,Furnitur Kayu Olahan 225,Wardrobe,True
SKU-FURN-00340,Sofa Japandi Minimalis 481,Sofa,False
SKU-FURN-00341,Furnitur Kayu Olahan 362,Wardrobe,True
SKU-FURN-00342,Furnitur Kayu Olahan 909,Bed,True
SKU-FURN-00343,Hiasan Meja / Karpet Aesthetic 96,Dekorasi,False
SKU-FURN-00344,Sofa Japandi Minimalis 790,sofabed,False
SKU-FURN-00345,Furnitur Kayu Olahan 891,Dining Table,True
SKU-FURN-00346,Furnitur Kayu Olahan 432,Kursi Kerja,True
SKU-FURN-00347,Furnitur Kayu Olahan 660,Bed,True
SKU-FURN-00348,Furnitur Kayu Olahan 906,Meja Makan,True
SKU-FURN-00349,Furnitur Kayu Olahan 142,Kursi Kerja,True
SKU-FURN-00350,Furnitur Kayu Olahan 640,Office Chair,True
SKU-FURN-00351,Hiasan Meja / Karpet Aesthetic 16,Dekorasi,False
SKU-FURN-00352,Furnitur Kayu Olahan 940,Office Chair,True
SKU-FURN-00353,Hiasan Meja / Karpet Aesthetic 37,Dekorasi,False
SKU-FURN-00354,Furnitur Kayu Olahan 126,Wardrobe,True
SKU-FURN-00355,Furnitur Kayu Olahan 864,Wardrobe,True
SKU-FURN-00356,Furnitur Kayu Olahan 658,Office Chair,True
SKU-FURN-00357,Furnitur Kayu Olahan 288,Lemari,True
SKU-FURN-00358,Furnitur Kayu Olahan 755,Office Chair,True
SKU-FURN-00359,Hiasan Meja / Karpet Aesthetic 28,Dekorasi,False
SKU-FURN-00360,Furnitur Kayu Olahan 248,Office Chair,True
SKU-FURN-00361,Furnitur Kayu Olahan 796,Lemari,True
SKU-FURN-00362,Furnitur Kayu Olahan 896,Office Chair,True
SKU-FURN-00363,Sofa Japandi Minimalis 882,sofabed,False
SKU-FURN-00364,Furnitur Kayu Olahan 611,Wardrobe,True
SKU-FURN-00365,Furnitur Kayu Olahan 700,Lemari,True
SKU-FURN-00366,Furnitur Kayu Olahan 143,Bed,True
SKU-FURN-00367,Furnitur Kayu Olahan 439,Lemari,True
SKU-FURN-00368,Furnitur Kayu Olahan 553,Meja Makan,True
SKU-FURN-00369,Sofa Japandi Minimalis 601,sofabed,False
SKU-FURN-00370,Furnitur Kayu Olahan 433,Meja Makan,True
SKU-FURN-00371,Furnitur Kayu Olahan 505,Lemari,True
SKU-FURN-00372,Hiasan Meja / Karpet Aesthetic 89,Dekorasi,False
SKU-FURN-00373,Furnitur Kayu Olahan 630,Office Chair,True
SKU-FURN-00374,Furnitur Kayu Olahan 938,Kursi Kerja,True
SKU-FURN-00375,Furnitur Kayu Olahan 922,Office Chair,True
SKU-FURN-00376,Sofa Japandi Minimalis 817,Sofa,False
SKU-FURN-00377,Sofa Japandi Minimalis 204,Sofa,False
SKU-FURN-00378,Furnitur Kayu Olahan 467,Meja Makan,True
SKU-FURN-00379,Furnitur Kayu Olahan 790,Wardrobe,True
SKU-FURN-00380,Furnitur Kayu Olahan 740,Office Chair,True
SKU-FURN-00381,Furnitur Kayu Olahan 697,Office Chair,True
SKU-FURN-00382,Hiasan Meja / Karpet Aesthetic 20,Dekorasi,False
SKU-FURN-00383,Furnitur Kayu Olahan 653,Bed,True
SKU-FURN-00384,Furnitur Kayu Olahan 112,Lemari,True
SKU-FURN-00385,Furnitur Kayu Olahan 788,Office Chair,True
SKU-FURN-00386,Furnitur Kayu Olahan 410,Bed,True
SKU-FURN-00387,Furnitur Kayu Olahan 727,Bed,True
SKU-FURN-00388,Furnitur Kayu Olahan 943,Bed,True
SKU-FURN-00389,Furnitur Kayu Olahan 715,Kursi Kerja,True
SKU-FURN-00390,Furnitur Kayu Olahan 326,Kursi Kerja,True
SKU-FURN-00391,Furnitur Kayu Olahan 389,Office Chair,True
SKU-FURN-00392,Hiasan Meja / Karpet Aesthetic 82,Dekorasi,False
SKU-FURN-00393,Hiasan Meja / Karpet Aesthetic 18,Dekorasi,False
SKU-FURN-00394,Sofa Japandi Minimalis 560,Sofa,True
SKU-FURN-00395,Sofa Japandi Minimalis 145,sofabed,True
SKU-FURN-00396,Furnitur Kayu Olahan 281,Lemari,True
SKU-FURN-00397,Furnitur Kayu Olahan 979,Office Chair,True
SKU-FURN-00398,Furnitur Kayu Olahan 868,Wardrobe,True
SKU-FURN-00399,Furnitur Kayu Olahan 813,Lemari,True
SKU-FURN-00400,Sofa Japandi Minimalis 291,Sofa,True
SKU-FURN-00401,Furnitur Kayu Olahan 937,Bed,True
SKU-FURN-00402,Hiasan Meja / Karpet Aesthetic 48,Dekorasi,False
SKU-FURN-00403,Sofa Japandi Minimalis 320,Sofa,False
SKU-FURN-00404,Furnitur Kayu Olahan 124,Lemari,True
SKU-FURN-00405,Hiasan Meja / Karpet Aesthetic 13,Dekorasi,False
SKU-FURN-00406,Furnitur Kayu Olahan 150,Lemari,True
SKU-FURN-00407,Furnitur Kayu Olahan 571,Kursi Kerja,True
SKU-FURN-00408,Furnitur Kayu Olahan 571,Office Chair,True
SKU-FURN-00409,Sofa Japandi Minimalis 922,sofabed,True
SKU-FURN-00410,Sofa Japandi Minimalis 448,sofabed,True
SKU-FURN-00411,Furnitur Kayu Olahan 743,Kursi Kerja,True
SKU-FURN-00412,Furnitur Kayu Olahan 104,lmri,True
SKU-FURN-00413,Furnitur Kayu Olahan 975,Wardrobe,True
SKU-FURN-00414,Furnitur Kayu Olahan 185,Office Chair,True
SKU-FURN-00415,Hiasan Meja / Karpet Aesthetic 14,Dekorasi,False
SKU-FURN-00416,Sofa Japandi Minimalis 271,sofabed,False
SKU-FURN-00417,Furnitur Kayu Olahan 472,Lemari,True
SKU-FURN-00418,Furnitur Kayu Olahan 417,Bed,True
SKU-FURN-00419,Furnitur Kayu Olahan 916,Bed,True
SKU-FURN-00420,Sofa Japandi Minimalis 426,sofabed,False
SKU-FURN-00421,Furnitur Kayu Olahan 173,Kursi Kerja,True
SKU-FURN-00422,Furnitur Kayu Olahan 741,Lemari,True
SKU-FURN-00423,Furnitur Kayu Olahan 485,Bed,True
SKU-FURN-00424,Furnitur Kayu Olahan 180,Wardrobe,True
SKU-FURN-00425,Furnitur Kayu Olahan 880,Office Chair,True
SKU-FURN-00426,Sofa Japandi Minimalis 967,Sofa,True
SKU-FURN-00427,Furnitur Kayu Olahan 174,Lemari,True
SKU-FURN-00428,Furnitur Kayu Olahan 261,Dining Table,True
SKU-FURN-00429,Furnitur Kayu Olahan 553,Bed,True
SKU-FURN-00430,Furnitur Kayu Olahan 900,Meja Makan,True
SKU-FURN-00431,Furnitur Kayu Olahan 408,Office Chair,True
SKU-FURN-00432,Furnitur Kayu Olahan 560,Meja Makan,True
SKU-FURN-00433,Furnitur Kayu Olahan 940,Kursi Kerja,True
SKU-FURN-00434,Furnitur Kayu Olahan 933,Wardrobe,True
SKU-FURN-00435,Furnitur Kayu Olahan 112,lmri,True
SKU-FURN-00436,Sofa Japandi Minimalis 894,Sofa,False
SKU-FURN-00437,Sofa Japandi Minimalis 414,Sofa,True
SKU-FURN-00438,Furnitur Kayu Olahan 931,Kursi Kerja,True
SKU-FURN-00439,Sofa Japandi Minimalis 822,Sofa,False
SKU-FURN-00440,Sofa Japandi Minimalis 317,Sofa,False
SKU-FURN-00441,Furnitur Kayu Olahan 389,Wardrobe,True
SKU-FURN-00442,Furnitur Kayu Olahan 122,Wardrobe,True
SKU-FURN-00443,Hiasan Meja / Karpet Aesthetic 49,Dekorasi,False
SKU-FURN-00444,Sofa Japandi Minimalis 762,Sofa,True
SKU-FURN-00445,Furnitur Kayu Olahan 407,Wardrobe,True
SKU-FURN-00446,Furnitur Kayu Olahan 349,Lemari,True
SKU-FURN-00447,Furnitur Kayu Olahan 890,Wardrobe,True
SKU-FURN-00448,Furnitur Kayu Olahan 916,Lemari,True
SKU-FURN-00449,Furnitur Kayu Olahan 188,Wardrobe,True
SKU-FURN-00450,Furnitur Kayu Olahan 441,Meja Makan,True
SKU-FURN-00451,Furnitur Kayu Olahan 246,Kursi Kerja,True
SKU-FURN-00452,Furnitur Kayu Olahan 208,Lemari,True
SKU-FURN-00453,Furnitur Kayu Olahan 418,Office Chair,True
SKU-FURN-00454,Sofa Japandi Minimalis 250,Sofa,True
SKU-FURN-00455,Hiasan Meja / Karpet Aesthetic 92,Dekorasi,False
SKU-FURN-00456,Furnitur Kayu Olahan 757,Wardrobe,True
SKU-FURN-00457,Hiasan Meja / Karpet Aesthetic 75,Dekorasi,False
SKU-FURN-00458,Furnitur Kayu Olahan 831,Wardrobe,True
SKU-FURN-00459,Furnitur Kayu Olahan 689,Meja Makan,True
SKU-FURN-00460,Furnitur Kayu Olahan 286,Meja Makan,True
SKU-FURN-00461,Furnitur Kayu Olahan 318,Kursi Kerja,True
SKU-FURN-00462,Furnitur Kayu Olahan 328,Meja Makan,True
SKU-FURN-00463,Furnitur Kayu Olahan 192,Office Chair,True
SKU-FURN-00464,Furnitur Kayu Olahan 459,Office Chair,True
SKU-FURN-00465,Sofa Japandi Minimalis 271,Sofa,False
SKU-FURN-00466,Hiasan Meja / Karpet Aesthetic 21,Dekorasi,False
SKU-FURN-00467,Furnitur Kayu Olahan 108,Wardrobe,True
SKU-FURN-00468,Furnitur Kayu Olahan 621,Kursi Kerja,True
SKU-FURN-00469,Sofa Japandi Minimalis 892,sofabed,True
SKU-FURN-00470,Furnitur Kayu Olahan 266,Lemari,True
SKU-FURN-00471,Sofa Japandi Minimalis 236,sofabed,False
SKU-FURN-00472,Furnitur Kayu Olahan 616,Kursi Kerja,True
SKU-FURN-00473,Furnitur Kayu Olahan 994,lmri,True
SKU-FURN-00474,Furnitur Kayu Olahan 532,Lemari,True
SKU-FURN-00475,Furnitur Kayu Olahan 775,lmri,True
SKU-FURN-00476,Hiasan Meja / Karpet Aesthetic 36,Dekorasi,False
SKU-FURN-00477,Furnitur Kayu Olahan 155,Lemari,True
SKU-FURN-00478,Sofa Japandi Minimalis 698,Sofa,True
SKU-FURN-00479,Furnitur Kayu Olahan 291,Office Chair,True
SKU-FURN-00480,Sofa Japandi Minimalis 400,Sofa,False
SKU-FURN-00481,Sofa Japandi Minimalis 732,sofabed,False
SKU-FURN-00482,Sofa Japandi Minimalis 894,sofabed,False
SKU-FURN-00483,Furnitur Kayu Olahan 276,Wardrobe,True
SKU-FURN-00484,Furnitur Kayu Olahan 219,Lemari,True
SKU-FURN-00485,Furnitur Kayu Olahan 988,Office Chair,True
SKU-FURN-00486,Furnitur Kayu Olahan 251,Office Chair,True
SKU-FURN-00487,Furnitur Kayu Olahan 996,Office Chair,True
SKU-FURN-00488,Hiasan Meja / Karpet Aesthetic 40,Dekorasi,False
SKU-FURN-00489,Furnitur Kayu Olahan 317,Kursi Kerja,True
SKU-FURN-00490,Furnitur Kayu Olahan 941,Lemari,True
SKU-FURN-00491,Sofa Japandi Minimalis 598,Sofa,False
SKU-FURN-00492,Sofa Japandi Minimalis 198,sofabed,True
SKU-FURN-00493,Sofa Japandi Minimalis 727,Sofa,False
SKU-FURN-00494,Furnitur Kayu Olahan 685,Meja Makan,True
SKU-FURN-00495,Hiasan Meja / Karpet Aesthetic 76,Dekorasi,False
SKU-FURN-00496,Furnitur Kayu Olahan 918,Lemari,True
SKU-FURN-00497,Sofa Japandi Minimalis 154,sofabed,True
SKU-FURN-00498,Sofa Japandi Minimalis 825,Sofa,False
SKU-FURN-00499,Sofa Japandi Minimalis 706,Sofa,True
SKU-FURN-00500,Sofa Japandi Minimalis 772,Sofa,False
SKU-FURN-00501,Furnitur Kayu Olahan 356,Office Chair,True
SKU-FURN-00502,Furnitur Kayu Olahan 250,lmri,True
SKU-FURN-00503,Furnitur Kayu Olahan 749,Meja Makan,True
SKU-FURN-00504,Sofa Japandi Minimalis 591,sofabed,True
SKU-FURN-00505,Furnitur Kayu Olahan 382,Wardrobe,True
SKU-FURN-00506,Furnitur Kayu Olahan 618,Office Chair,True
SKU-FURN-00507,Sofa Japandi Minimalis 697,Sofa,False
SKU-FURN-00508,Furnitur Kayu Olahan 250,Lemari,True
SKU-FURN-00509,Sofa Japandi Minimalis 700,Sofa,False
SKU-FURN-00510,Furnitur Kayu Olahan 337,Office Chair,True
SKU-FURN-00511,Furnitur Kayu Olahan 745,Wardrobe,True
SKU-FURN-00512,Hiasan Meja / Karpet Aesthetic 29,Dekorasi,False
SKU-FURN-00513,Furnitur Kayu Olahan 781,Kursi Kerja,True
SKU-FURN-00514,Furnitur Kayu Olahan 370,Office Chair,True
SKU-FURN-00515,Sofa Japandi Minimalis 963,Sofa,False
SKU-FURN-00516,Furnitur Kayu Olahan 704,Bed,True
SKU-FURN-00517,Furnitur Kayu Olahan 746,Kursi Kerja,True
SKU-FURN-00518,Furnitur Kayu Olahan 810,Dining Table,True
SKU-FURN-00519,Furnitur Kayu Olahan 655,Lemari,True
SKU-FURN-00520,Hiasan Meja / Karpet Aesthetic 92,Dekorasi,False
SKU-FURN-00521,Furnitur Kayu Olahan 554,Lemari,True
SKU-FURN-00522,Sofa Japandi Minimalis 670,Sofa,False
SKU-FURN-00523,Sofa Japandi Minimalis 739,Sofa,True
SKU-FURN-00524,Furnitur Kayu Olahan 714,Office Chair,True
SKU-FURN-00525,Hiasan Meja / Karpet Aesthetic 56,Dekorasi,False
SKU-FURN-00526,Hiasan Meja / Karpet Aesthetic 37,Dekorasi,False
SKU-FURN-00527,Furnitur Kayu Olahan 768,lmri,True
SKU-FURN-00528,Furnitur Kayu Olahan 665,Office Chair,True
SKU-FURN-00529,Furnitur Kayu Olahan 876,Kursi Kerja,True
SKU-FURN-00530,Hiasan Meja / Karpet Aesthetic 26,Dekorasi,False
SKU-FURN-00531,Hiasan Meja / Karpet Aesthetic 75,Dekorasi,False
SKU-FURN-00532,Hiasan Meja / Karpet Aesthetic 71,Dekorasi,False
SKU-FURN-00533,Furnitur Kayu Olahan 333,Bed,True
SKU-FURN-00534,Furnitur Kayu Olahan 816,Meja Makan,True
SKU-FURN-00535,Hiasan Meja / Karpet Aesthetic 31,Dekorasi,False
SKU-FURN-00536,Furnitur Kayu Olahan 537,Kursi Kerja,True
SKU-FURN-00537,Hiasan Meja / Karpet Aesthetic 79,Dekorasi,False
SKU-FURN-00538,Hiasan Meja / Karpet Aesthetic 26,Dekorasi,False
SKU-FURN-00539,Hiasan Meja / Karpet Aesthetic 56,Dekorasi,False
SKU-FURN-00540,Furnitur Kayu Olahan 178,Kursi Kerja,True
SKU-FURN-00541,Hiasan Meja / Karpet Aesthetic 61,Dekorasi,False
SKU-FURN-00542,Furnitur Kayu Olahan 333,Lemari,True
SKU-FURN-00543,Furnitur Kayu Olahan 132,Bed,True
SKU-FURN-00544,Furnitur Kayu Olahan 484,Meja Makan,True
SKU-FURN-00545,Furnitur Kayu Olahan 726,Office Chair,True
SKU-FURN-00546,Furnitur Kayu Olahan 997,Wardrobe,True
SKU-FURN-00547,Furnitur Kayu Olahan 290,Wardrobe,True
SKU-FURN-00548,Furnitur Kayu Olahan 818,Dining Table,True
SKU-FURN-00549,Hiasan Meja / Karpet Aesthetic 19,Dekorasi,False
SKU-FURN-00550,Sofa Japandi Minimalis 119,Sofa,False
SKU-FURN-00551,Sofa Japandi Minimalis 789,sofabed,True
SKU-FURN-00552,Furnitur Kayu Olahan 857,Lemari,True
SKU-FURN-00553,Hiasan Meja / Karpet Aesthetic 69,Dekorasi,False
SKU-FURN-00554,Sofa Japandi Minimalis 135,Sofa,False
SKU-FURN-00555,Furnitur Kayu Olahan 374,lmri,True
SKU-FURN-00556,Furnitur Kayu Olahan 316,Office Chair,True
SKU-FURN-00557,Sofa Japandi Minimalis 827,sofabed,True
SKU-FURN-00558,Furnitur Kayu Olahan 320,Kursi Kerja,True
SKU-FURN-00559,Furnitur Kayu Olahan 688,Wardrobe,True
SKU-FURN-00560,Hiasan Meja / Karpet Aesthetic 74,Dekorasi,False
SKU-FURN-00561,Furnitur Kayu Olahan 203,Wardrobe,True
SKU-FURN-00562,Hiasan Meja / Karpet Aesthetic 84,Dekorasi,False
SKU-FURN-00563,Sofa Japandi Minimalis 240,Sofa,True
SKU-FURN-00564,Hiasan Meja / Karpet Aesthetic 79,Dekorasi,False
SKU-FURN-00565,Furnitur Kayu Olahan 628,Meja Makan,True
SKU-FURN-00566,Furnitur Kayu Olahan 933,Kursi Kerja,True
SKU-FURN-00567,Sofa Japandi Minimalis 225,Sofa,False
SKU-FURN-00568,Furnitur Kayu Olahan 990,Meja Makan,True
SKU-FURN-00569,Furnitur Kayu Olahan 465,Kursi Kerja,True
SKU-FURN-00570,Furnitur Kayu Olahan 949,Lemari,True
SKU-FURN-00571,Sofa Japandi Minimalis 952,Sofa,False
SKU-FURN-00572,Furnitur Kayu Olahan 917,Dining Table,True
SKU-FURN-00573,Hiasan Meja / Karpet Aesthetic 27,Dekorasi,False
SKU-FURN-00574,Furnitur Kayu Olahan 482,Lemari,True
SKU-FURN-00575,Sofa Japandi Minimalis 883,sofabed,True
SKU-FURN-00576,Sofa Japandi Minimalis 232,Sofa,False
SKU-FURN-00577,Hiasan Meja / Karpet Aesthetic 75,Dekorasi,False
SKU-FURN-00578,Furnitur Kayu Olahan 992,Dining Table,True
SKU-FURN-00579,Hiasan Meja / Karpet Aesthetic 65,Dekorasi,False
SKU-FURN-00580,Furnitur Kayu Olahan 580,Wardrobe,True
SKU-FURN-00581,Furnitur Kayu Olahan 614,Meja Makan,True
SKU-FURN-00582,Sofa Japandi Minimalis 204,sofabed,False
SKU-FURN-00583,Furnitur Kayu Olahan 735,Meja Makan,True
SKU-FURN-00584,Furnitur Kayu Olahan 489,Lemari,True
SKU-FURN-00585,Furnitur Kayu Olahan 471,Lemari,True
SKU-FURN-00586,Furnitur Kayu Olahan 719,Wardrobe,True
SKU-FURN-00587,Hiasan Meja / Karpet Aesthetic 96,Dekorasi,False
SKU-FURN-00588,Furnitur Kayu Olahan 274,Kursi Kerja,True
SKU-FURN-00589,Furnitur Kayu Olahan 505,Office Chair,True
SKU-FURN-00590,Furnitur Kayu Olahan 418,Meja Makan,True
SKU-FURN-00591,Furnitur Kayu Olahan 145,Kursi Kerja,True
SKU-FURN-00592,Furnitur Kayu Olahan 257,Meja Makan,True
SKU-FURN-00593,Furnitur Kayu Olahan 110,Bed,True
SKU-FURN-00594,Furnitur Kayu Olahan 225,Dining Table,True
SKU-FURN-00595,Furnitur Kayu Olahan 304,Wardrobe,True
SKU-FURN-00596,Furnitur Kayu Olahan 140,Lemari,True
SKU-FURN-00597,Sofa Japandi Minimalis 700,sofabed,False
SKU-FURN-00598,Hiasan Meja / Karpet Aesthetic 70,Dekorasi,False
SKU-FURN-00599,Furnitur Kayu Olahan 123,Lemari,True
SKU-FURN-00600,Furnitur Kayu Olahan 889,Lemari,True
SKU-FURN-00601,Hiasan Meja / Karpet Aesthetic 60,Dekorasi,False
SKU-FURN-00602,Furnitur Kayu Olahan 474,Wardrobe,True
SKU-FURN-00603,Furnitur Kayu Olahan 205,Meja Makan,True
SKU-FURN-00604,Hiasan Meja / Karpet Aesthetic 43,Dekorasi,False
SKU-FURN-00605,Furnitur Kayu Olahan 172,Kursi Kerja,True
SKU-FURN-00606,Furnitur Kayu Olahan 954,Lemari,True
SKU-FURN-00607,Furnitur Kayu Olahan 512,Office Chair,True
SKU-FURN-00608,Sofa Japandi Minimalis 865,Sofa,False
SKU-FURN-00609,Hiasan Meja / Karpet Aesthetic 20,Dekorasi,False
SKU-FURN-00610,Furnitur Kayu Olahan 956,Office Chair,True
SKU-FURN-00611,Sofa Japandi Minimalis 962,Sofa,True
SKU-FURN-00612,Hiasan Meja / Karpet Aesthetic 59,Dekorasi,False
SKU-FURN-00613,Furnitur Kayu Olahan 687,Lemari,True
SKU-FURN-00614,Furnitur Kayu Olahan 538,Wardrobe,True
SKU-FURN-00615,Hiasan Meja / Karpet Aesthetic 42,Dekorasi,False
SKU-FURN-00616,Furnitur Kayu Olahan 977,Dining Table,True
SKU-FURN-00617,Hiasan Meja / Karpet Aesthetic 78,Dekorasi,False
SKU-FURN-00618,Furnitur Kayu Olahan 875,Bed,True
SKU-FURN-00619,Furnitur Kayu Olahan 588,Meja Makan,True
SKU-FURN-00620,Sofa Japandi Minimalis 332,Sofa,True
SKU-FURN-00621,Furnitur Kayu Olahan 875,Lemari,True
SKU-FURN-00622,Furnitur Kayu Olahan 168,Meja Makan,True
SKU-FURN-00623,Sofa Japandi Minimalis 169,Sofa,True
SKU-FURN-00624,Furnitur Kayu Olahan 549,Bed,True
SKU-FURN-00625,Furnitur Kayu Olahan 696,lmri,True
SKU-FURN-00626,Furnitur Kayu Olahan 775,Office Chair,True
SKU-FURN-00627,Furnitur Kayu Olahan 990,Meja Makan,True
SKU-FURN-00628,Furnitur Kayu Olahan 718,Office Chair,True
SKU-FURN-00629,Furnitur Kayu Olahan 116,Bed,True
SKU-FURN-00630,Furnitur Kayu Olahan 103,lmri,True
SKU-FURN-00631,Furnitur Kayu Olahan 690,Office Chair,True
SKU-FURN-00632,Hiasan Meja / Karpet Aesthetic 25,Dekorasi,False
SKU-FURN-00633,Furnitur Kayu Olahan 531,Wardrobe,True
SKU-FURN-00634,Furnitur Kayu Olahan 976,Kursi Kerja,True
SKU-FURN-00635,Hiasan Meja / Karpet Aesthetic 10,Dekorasi,False
SKU-FURN-00636,Furnitur Kayu Olahan 553,Bed,True
SKU-FURN-00637,Furnitur Kayu Olahan 539,Meja Makan,True
SKU-FURN-00638,Furnitur Kayu Olahan 915,Office Chair,True
SKU-FURN-00639,Furnitur Kayu Olahan 254,Bed,True
SKU-FURN-00640,Sofa Japandi Minimalis 488,Sofa,True
SKU-FURN-00641,Furnitur Kayu Olahan 813,Meja Makan,True
SKU-FURN-00642,Hiasan Meja / Karpet Aesthetic 32,Dekorasi,False
SKU-FURN-00643,Furnitur Kayu Olahan 382,Kursi Kerja,True
SKU-FURN-00644,Hiasan Meja / Karpet Aesthetic 16,Dekorasi,False
SKU-FURN-00645,Furnitur Kayu Olahan 533,Dining Table,True
SKU-FURN-00646,Furnitur Kayu Olahan 474,Kursi Kerja,True
SKU-FURN-00647,Furnitur Kayu Olahan 983,Office Chair,True
SKU-FURN-00648,Furnitur Kayu Olahan 250,lmri,True
SKU-FURN-00649,Furnitur Kayu Olahan 709,lmri,True
SKU-FURN-00650,Furnitur Kayu Olahan 660,Meja Makan,True
SKU-FURN-00651,Furnitur Kayu Olahan 887,Meja Makan,True
SKU-FURN-00652,Furnitur Kayu Olahan 770,Office Chair,True
SKU-FURN-00653,Furnitur Kayu Olahan 240,Office Chair,True
SKU-FURN-00654,Furnitur Kayu Olahan 482,Kursi Kerja,True
SKU-FURN-00655,Sofa Japandi Minimalis 857,Sofa,True
SKU-FURN-00656,Furnitur Kayu Olahan 111,Lemari,True
SKU-FURN-00657,Furnitur Kayu Olahan 564,Wardrobe,True
SKU-FURN-00658,Sofa Japandi Minimalis 952,Sofa,False
SKU-FURN-00659,Sofa Japandi Minimalis 216,Sofa,False
SKU-FURN-00660,Furnitur Kayu Olahan 527,Dining Table,True
SKU-FURN-00661,Furnitur Kayu Olahan 206,Lemari,True
SKU-FURN-00662,Furnitur Kayu Olahan 182,Lemari,True
SKU-FURN-00663,Furnitur Kayu Olahan 213,Lemari,True
SKU-FURN-00664,Furnitur Kayu Olahan 535,Wardrobe,True
SKU-FURN-00665,Furnitur Kayu Olahan 965,Lemari,True
SKU-FURN-00666,Sofa Japandi Minimalis 639,Sofa,False
SKU-FURN-00667,Sofa Japandi Minimalis 836,Sofa,False
SKU-FURN-00668,Furnitur Kayu Olahan 822,Dining Table,True
SKU-FURN-00669,Hiasan Meja / Karpet Aesthetic 54,Dekorasi,False
SKU-FURN-00670,Hiasan Meja / Karpet Aesthetic 26,Dekorasi,False
SKU-FURN-00671,Furnitur Kayu Olahan 655,Kursi Kerja,True
SKU-FURN-00672,Furnitur Kayu Olahan 945,Meja Makan,True
SKU-FURN-00673,Hiasan Meja / Karpet Aesthetic 39,Dekorasi,False
SKU-FURN-00674,Furnitur Kayu Olahan 733,Lemari,True
SKU-FURN-00675,Furnitur Kayu Olahan 359,Kursi Kerja,True
SKU-FURN-00676,Furnitur Kayu Olahan 211,Office Chair,True
SKU-FURN-00677,Furnitur Kayu Olahan 624,lmri,True
SKU-FURN-00678,Sofa Japandi Minimalis 553,Sofa,False
SKU-FURN-00679,Furnitur Kayu Olahan 713,Dining Table,True
SKU-FURN-00680,Furnitur Kayu Olahan 242,Meja Makan,True
SKU-FURN-00681,Hiasan Meja / Karpet Aesthetic 12,Dekorasi,False
SKU-FURN-00682,Furnitur Kayu Olahan 211,Kursi Kerja,True
SKU-FURN-00683,Furnitur Kayu Olahan 552,Dining Table,True
SKU-FURN-00684,Furnitur Kayu Olahan 486,Office Chair,True
SKU-FURN-00685,Hiasan Meja / Karpet Aesthetic 41,Dekorasi,False
SKU-FURN-00686,Sofa Japandi Minimalis 401,sofabed,True
SKU-FURN-00687,Furnitur Kayu Olahan 506,Kursi Kerja,True
SKU-FURN-00688,Furnitur Kayu Olahan 367,Kursi Kerja,True
SKU-FURN-00689,Furnitur Kayu Olahan 881,Kursi Kerja,True
SKU-FURN-00690,Sofa Japandi Minimalis 776,Sofa,False
SKU-FURN-00691,Furnitur Kayu Olahan 769,Meja Makan,True
SKU-FURN-00692,Hiasan Meja / Karpet Aesthetic 91,Dekorasi,False
SKU-FURN-00693,Sofa Japandi Minimalis 317,sofabed,False
SKU-FURN-00694,Sofa Japandi Minimalis 413,Sofa,True
SKU-FURN-00695,Sofa Japandi Minimalis 140,sofabed,False
SKU-FURN-00696,Furnitur Kayu Olahan 459,Meja Makan,True
SKU-FURN-00697,Sofa Japandi Minimalis 525,sofabed,False
SKU-FURN-00698,Furnitur Kayu Olahan 674,Lemari,True
SKU-FURN-00699,Furnitur Kayu Olahan 576,Dining Table,True
SKU-FURN-00700,Furnitur Kayu Olahan 322,Wardrobe,True
SKU-FURN-00701,Furnitur Kayu Olahan 860,Meja Makan,True
SKU-FURN-00702,Furnitur Kayu Olahan 241,Lemari,True
SKU-FURN-00703,Furnitur Kayu Olahan 514,Office Chair,True
SKU-FURN-00704,Furnitur Kayu Olahan 443,Bed,True
SKU-FURN-00705,Sofa Japandi Minimalis 410,Sofa,True
SKU-FURN-00706,Furnitur Kayu Olahan 877,Meja Makan,True
SKU-FURN-00707,Furnitur Kayu Olahan 661,Office Chair,True
SKU-FURN-00708,Sofa Japandi Minimalis 810,Sofa,False
SKU-FURN-00709,Furnitur Kayu Olahan 994,Wardrobe,True
SKU-FURN-00710,Hiasan Meja / Karpet Aesthetic 84,Dekorasi,False
SKU-FURN-00711,Furnitur Kayu Olahan 763,lmri,True
SKU-FURN-00712,Furnitur Kayu Olahan 519,Kursi Kerja,True
SKU-FURN-00713,Furnitur Kayu Olahan 934,Dining Table,True
SKU-FURN-00714,Hiasan Meja / Karpet Aesthetic 66,Dekorasi,False
SKU-FURN-00715,Furnitur Kayu Olahan 351,Lemari,True
SKU-FURN-00716,Furnitur Kayu Olahan 507,Office Chair,True
SKU-FURN-00717,Sofa Japandi Minimalis 949,Sofa,True
SKU-FURN-00718,Furnitur Kayu Olahan 864,Office Chair,True
SKU-FURN-00719,Furnitur Kayu Olahan 371,Bed,True
SKU-FURN-00720,Furnitur Kayu Olahan 353,Kursi Kerja,True
SKU-FURN-00721,Furnitur Kayu Olahan 508,Lemari,True
SKU-FURN-00722,Hiasan Meja / Karpet Aesthetic 98,Dekorasi,False
SKU-FURN-00723,Furnitur Kayu Olahan 163,Wardrobe,True
SKU-FURN-00724,Furnitur Kayu Olahan 735,Meja Makan,True
SKU-FURN-00725,Hiasan Meja / Karpet Aesthetic 61,Dekorasi,False
SKU-FURN-00726,Furnitur Kayu Olahan 699,Kursi Kerja,True
SKU-FURN-00727,Furnitur Kayu Olahan 691,Kursi Kerja,True
SKU-FURN-00728,Furnitur Kayu Olahan 614,lmri,True
SKU-FURN-00729,Hiasan Meja / Karpet Aesthetic 96,Dekorasi,False
SKU-FURN-00730,Furnitur Kayu Olahan 400,Bed,True
SKU-FURN-00731,Furnitur Kayu Olahan 844,Meja Makan,True
SKU-FURN-00732,Furnitur Kayu Olahan 194,Dining Table,True
SKU-FURN-00733,Furnitur Kayu Olahan 810,Kursi Kerja,True
SKU-FURN-00734,Furnitur Kayu Olahan 470,lmri,True
SKU-FURN-00735,Furnitur Kayu Olahan 856,Office Chair,True
SKU-FURN-00736,Sofa Japandi Minimalis 512,Sofa,False
SKU-FURN-00737,Furnitur Kayu Olahan 881,Meja Makan,True
SKU-FURN-00738,Furnitur Kayu Olahan 735,Kursi Kerja,True
SKU-FURN-00739,Furnitur Kayu Olahan 424,Meja Makan,True
SKU-FURN-00740,Sofa Japandi Minimalis 123,sofabed,True
SKU-FURN-00741,Hiasan Meja / Karpet Aesthetic 73,Dekorasi,False
SKU-FURN-00742,Sofa Japandi Minimalis 276,Sofa,True
SKU-FURN-00743,Furnitur Kayu Olahan 421,lmri,True
SKU-FURN-00744,Hiasan Meja / Karpet Aesthetic 23,Dekorasi,False
SKU-FURN-00745,Furnitur Kayu Olahan 372,Meja Makan,True
SKU-FURN-00746,Sofa Japandi Minimalis 912,Sofa,True
SKU-FURN-00747,Furnitur Kayu Olahan 646,Kursi Kerja,True
SKU-FURN-00748,Furnitur Kayu Olahan 327,Kursi Kerja,True
SKU-FURN-00749,Furnitur Kayu Olahan 665,Bed,True
SKU-FURN-00750,Sofa Japandi Minimalis 213,Sofa,False
SKU-FURN-00751,Furnitur Kayu Olahan 144,Office Chair,True
SKU-FURN-00752,Sofa Japandi Minimalis 212,Sofa,True
SKU-FURN-00753,Furnitur Kayu Olahan 774,Lemari,True
SKU-FURN-00754,Furnitur Kayu Olahan 712,Kursi Kerja,True
SKU-FURN-00755,Furnitur Kayu Olahan 928,Office Chair,True
SKU-FURN-00756,Hiasan Meja / Karpet Aesthetic 64,Dekorasi,False
SKU-FURN-00757,Furnitur Kayu Olahan 441,Meja Makan,True
SKU-FURN-00758,Furnitur Kayu Olahan 516,Lemari,True
SKU-FURN-00759,Furnitur Kayu Olahan 402,Office Chair,True
SKU-FURN-00760,Furnitur Kayu Olahan 402,Wardrobe,True
SKU-FURN-00761,Sofa Japandi Minimalis 387,Sofa,True
SKU-FURN-00762,Sofa Japandi Minimalis 203,Sofa,False
SKU-FURN-00763,Sofa Japandi Minimalis 923,Sofa,True
SKU-FURN-00764,Furnitur Kayu Olahan 178,Wardrobe,True
SKU-FURN-00765,Furnitur Kayu Olahan 556,Dining Table,True
SKU-FURN-00766,Sofa Japandi Minimalis 817,Sofa,False
SKU-FURN-00767,Furnitur Kayu Olahan 392,Office Chair,True
SKU-FURN-00768,Furnitur Kayu Olahan 621,Meja Makan,True
SKU-FURN-00769,Furnitur Kayu Olahan 316,Wardrobe,True
SKU-FURN-00770,Furnitur Kayu Olahan 156,Meja Makan,True
SKU-FURN-00771,Furnitur Kayu Olahan 606,Office Chair,True
SKU-FURN-00772,Furnitur Kayu Olahan 352,Wardrobe,True
SKU-FURN-00773,Furnitur Kayu Olahan 806,Kursi Kerja,True
SKU-FURN-00774,Sofa Japandi Minimalis 420,sofabed,False
SKU-FURN-00775,Furnitur Kayu Olahan 643,Kursi Kerja,True
SKU-FURN-00776,Furnitur Kayu Olahan 975,Kursi Kerja,True
SKU-FURN-00777,Furnitur Kayu Olahan 551,Office Chair,True
SKU-FURN-00778,Furnitur Kayu Olahan 176,Lemari,True
SKU-FURN-00779,Furnitur Kayu Olahan 304,Office Chair,True
SKU-FURN-00780,Sofa Japandi Minimalis 201,Sofa,False
SKU-FURN-00781,Furnitur Kayu Olahan 349,Wardrobe,True
SKU-FURN-00782,Furnitur Kayu Olahan 594,Lemari,True
SKU-FURN-00783,Furnitur Kayu Olahan 685,lmri,True
SKU-FURN-00784,Furnitur Kayu Olahan 480,Kursi Kerja,True
SKU-FURN-00785,Furnitur Kayu Olahan 615,Office Chair,True
SKU-FURN-00786,Furnitur Kayu Olahan 731,Meja Makan,True
SKU-FURN-00787,Sofa Japandi Minimalis 724,Sofa,True
SKU-FURN-00788,Furnitur Kayu Olahan 703,Bed,True
SKU-FURN-00789,Furnitur Kayu Olahan 840,Lemari,True
SKU-FURN-00790,Furnitur Kayu Olahan 179,lmri,True
SKU-FURN-00791,Furnitur Kayu Olahan 928,Kursi Kerja,True
SKU-FURN-00792,Hiasan Meja / Karpet Aesthetic 35,Dekorasi,False
SKU-FURN-00793,Furnitur Kayu Olahan 273,Dining Table,True
SKU-FURN-00794,Furnitur Kayu Olahan 744,Lemari,True
SKU-FURN-00795,Furnitur Kayu Olahan 870,Bed,True
SKU-FURN-00796,Hiasan Meja / Karpet Aesthetic 52,Dekorasi,False
SKU-FURN-00797,Sofa Japandi Minimalis 753,Sofa,False
SKU-FURN-00798,Sofa Japandi Minimalis 539,Sofa,True
SKU-FURN-00799,Sofa Japandi Minimalis 127,Sofa,True
SKU-FURN-00800,Sofa Japandi Minimalis 114,Sofa,False
SKU-FURN-00801,Sofa Japandi Minimalis 741,sofabed,True
SKU-FURN-00802,Sofa Japandi Minimalis 449,Sofa,True
SKU-FURN-00803,Hiasan Meja / Karpet Aesthetic 30,Dekorasi,False
SKU-FURN-00804,Sofa Japandi Minimalis 495,Sofa,True
SKU-FURN-00805,Furnitur Kayu Olahan 164,Kursi Kerja,True
SKU-FURN-00806,Furnitur Kayu Olahan 748,Office Chair,True
SKU-FURN-00807,Furnitur Kayu Olahan 163,Meja Makan,True
SKU-FURN-00808,Sofa Japandi Minimalis 600,Sofa,True
SKU-FURN-00809,Furnitur Kayu Olahan 789,Meja Makan,True
SKU-FURN-00810,Furnitur Kayu Olahan 985,Lemari,True
SKU-FURN-00811,Furnitur Kayu Olahan 723,Kursi Kerja,True
SKU-FURN-00812,Furnitur Kayu Olahan 321,Meja Makan,True
SKU-FURN-00813,Furnitur Kayu Olahan 470,Office Chair,True
SKU-FURN-00814,Furnitur Kayu Olahan 555,Kursi Kerja,True
SKU-FURN-00815,Furnitur Kayu Olahan 653,Lemari,True
SKU-FURN-00816,Hiasan Meja / Karpet Aesthetic 28,Dekorasi,False
SKU-FURN-00817,Furnitur Kayu Olahan 695,Lemari,True
SKU-FURN-00818,Hiasan Meja / Karpet Aesthetic 49,Dekorasi,False
SKU-FURN-00819,Furnitur Kayu Olahan 192,Kursi Kerja,True
SKU-FURN-00820,Furnitur Kayu Olahan 211,Dining Table,True
SKU-FURN-00821,Hiasan Meja / Karpet Aesthetic 35,Dekorasi,False
SKU-FURN-00822,Furnitur Kayu Olahan 787,Kursi Kerja,True
SKU-FURN-00823,Sofa Japandi Minimalis 494,Sofa,False
SKU-FURN-00824,Hiasan Meja / Karpet Aesthetic 25,Dekorasi,False
SKU-FURN-00825,Hiasan Meja / Karpet Aesthetic 52,Dekorasi,False
SKU-FURN-00826,Furnitur Kayu Olahan 662,Kursi Kerja,True
SKU-FURN-00827,Furnitur Kayu Olahan 705,Kursi Kerja,True
SKU-FURN-00828,Furnitur Kayu Olahan 175,Kursi Kerja,True
SKU-FURN-00829,Furnitur Kayu Olahan 976,Kursi Kerja,True
SKU-FURN-00830,Furnitur Kayu Olahan 378,Kursi Kerja,True
SKU-FURN-00831,Furnitur Kayu Olahan 829,Bed,True
SKU-FURN-00832,Furnitur Kayu Olahan 698,Bed,True
SKU-FURN-00833,Furnitur Kayu Olahan 697,Kursi Kerja,True
SKU-FURN-00834,Sofa Japandi Minimalis 610,Sofa,True
SKU-FURN-00835,Sofa Japandi Minimalis 845,Sofa,False
SKU-FURN-00836,Sofa Japandi Minimalis 525,Sofa,True
SKU-FURN-00837,Furnitur Kayu Olahan 627,Wardrobe,True
SKU-FURN-00838,Furnitur Kayu Olahan 274,Lemari,True
SKU-FURN-00839,Furnitur Kayu Olahan 334,Office Chair,True
SKU-FURN-00840,Sofa Japandi Minimalis 169,sofabed,False
SKU-FURN-00841,Hiasan Meja / Karpet Aesthetic 24,Dekorasi,False
SKU-FURN-00842,Furnitur Kayu Olahan 855,Dining Table,True
SKU-FURN-00843,Hiasan Meja / Karpet Aesthetic 97,Dekorasi,False
SKU-FURN-00844,Furnitur Kayu Olahan 217,Meja Makan,True
SKU-FURN-00845,Hiasan Meja / Karpet Aesthetic 67,Dekorasi,False
SKU-FURN-00846,Furnitur Kayu Olahan 284,Meja Makan,True
SKU-FURN-00847,Hiasan Meja / Karpet Aesthetic 57,Dekorasi,False
SKU-FURN-00848,Furnitur Kayu Olahan 981,Wardrobe,True
SKU-FURN-00849,Hiasan Meja / Karpet Aesthetic 31,Dekorasi,False
SKU-FURN-00850,Furnitur Kayu Olahan 551,Meja Makan,True
SKU-FURN-00851,Furnitur Kayu Olahan 357,Kursi Kerja,True
SKU-FURN-00852,Hiasan Meja / Karpet Aesthetic 42,Dekorasi,False
SKU-FURN-00853,Hiasan Meja / Karpet Aesthetic 38,Dekorasi,False
SKU-FURN-00854,Sofa Japandi Minimalis 411,Sofa,False
SKU-FURN-00855,Furnitur Kayu Olahan 570,Meja Makan,True
SKU-FURN-00856,Sofa Japandi Minimalis 647,sofabed,True
SKU-FURN-00857,Furnitur Kayu Olahan 786,Wardrobe,True
SKU-FURN-00858,Sofa Japandi Minimalis 255,Sofa,True
SKU-FURN-00859,Sofa Japandi Minimalis 425,sofabed,True
SKU-FURN-00860,Hiasan Meja / Karpet Aesthetic 44,Dekorasi,False
SKU-FURN-00861,Sofa Japandi Minimalis 763,Sofa,False
SKU-FURN-00862,Furnitur Kayu Olahan 687,Office Chair,True
SKU-FURN-00863,Furnitur Kayu Olahan 215,Office Chair,True
SKU-FURN-00864,Furnitur Kayu Olahan 169,Office Chair,True
SKU-FURN-00865,Sofa Japandi Minimalis 675,Sofa,True
SKU-FURN-00866,Furnitur Kayu Olahan 635,lmri,True
SKU-FURN-00867,Sofa Japandi Minimalis 898,Sofa,True
SKU-FURN-00868,Furnitur Kayu Olahan 187,Meja Makan,True
SKU-FURN-00869,Furnitur Kayu Olahan 723,Kursi Kerja,True
SKU-FURN-00870,Sofa Japandi Minimalis 852,Sofa,True
SKU-FURN-00871,Sofa Japandi Minimalis 236,Sofa,False
SKU-FURN-00872,Furnitur Kayu Olahan 115,Dining Table,True
SKU-FURN-00873,Furnitur Kayu Olahan 311,lmri,True
SKU-FURN-00874,Furnitur Kayu Olahan 860,Dining Table,True
SKU-FURN-00875,Furnitur Kayu Olahan 755,Kursi Kerja,True
SKU-FURN-00876,Sofa Japandi Minimalis 863,Sofa,False
SKU-FURN-00877,Furnitur Kayu Olahan 289,Dining Table,True
SKU-FURN-00878,Hiasan Meja / Karpet Aesthetic 57,Dekorasi,False
SKU-FURN-00879,Hiasan Meja / Karpet Aesthetic 21,Dekorasi,False
SKU-FURN-00880,Furnitur Kayu Olahan 697,Lemari,True
SKU-FURN-00881,Furnitur Kayu Olahan 185,Bed,True
SKU-FURN-00882,Furnitur Kayu Olahan 790,Kursi Kerja,True
SKU-FURN-00883,Furnitur Kayu Olahan 311,Meja Makan,True
SKU-FURN-00884,Sofa Japandi Minimalis 729,Sofa,True
SKU-FURN-00885,Sofa Japandi Minimalis 175,Sofa,True
SKU-FURN-00886,Furnitur Kayu Olahan 358,Bed,True
SKU-FURN-00887,Furnitur Kayu Olahan 278,Bed,True
SKU-FURN-00888,Furnitur Kayu Olahan 831,Kursi Kerja,True
SKU-FURN-00889,Furnitur Kayu Olahan 317,Office Chair,True
SKU-FURN-00890,Furnitur Kayu Olahan 222,Wardrobe,True
SKU-FURN-00891,Sofa Japandi Minimalis 198,Sofa,False
SKU-FURN-00892,Furnitur Kayu Olahan 402,Lemari,True
SKU-FURN-00893,Furnitur Kayu Olahan 416,Meja Makan,True
SKU-FURN-00894,Hiasan Meja / Karpet Aesthetic 47,Dekorasi,False
SKU-FURN-00895,Hiasan Meja / Karpet Aesthetic 97,Dekorasi,False
SKU-FURN-00896,Furnitur Kayu Olahan 802,Lemari,True
SKU-FURN-00897,Furnitur Kayu Olahan 107,Wardrobe,True
SKU-FURN-00898,Furnitur Kayu Olahan 189,Wardrobe,True
SKU-FURN-00899,Furnitur Kayu Olahan 596,Bed,True
SKU-FURN-00900,Furnitur Kayu Olahan 753,Office Chair,True
SKU-FURN-00901,Furnitur Kayu Olahan 263,Bed,True
SKU-FURN-00902,Furnitur Kayu Olahan 485,Lemari,True
SKU-FURN-00903,Furnitur Kayu Olahan 913,Lemari,True
SKU-FURN-00904,Furnitur Kayu Olahan 230,lmri,True
SKU-FURN-00905,Furnitur Kayu Olahan 250,Bed,True
SKU-FURN-00906,Sofa Japandi Minimalis 601,sofabed,False
SKU-FURN-00907,Furnitur Kayu Olahan 380,Meja Makan,True
SKU-FURN-00908,Furnitur Kayu Olahan 676,Wardrobe,True
SKU-FURN-00909,Sofa Japandi Minimalis 782,Sofa,False
SKU-FURN-00910,Furnitur Kayu Olahan 375,lmri,True
SKU-FURN-00911,Furnitur Kayu Olahan 806,Office Chair,True
SKU-FURN-00912,Furnitur Kayu Olahan 258,Lemari,True
SKU-FURN-00913,Sofa Japandi Minimalis 573,sofabed,True
SKU-FURN-00914,Sofa Japandi Minimalis 616,Sofa,False
SKU-FURN-00915,Furnitur Kayu Olahan 926,lmri,True
SKU-FURN-00916,Hiasan Meja / Karpet Aesthetic 63,Dekorasi,False
SKU-FURN-00917,Furnitur Kayu Olahan 118,Kursi Kerja,True
SKU-FURN-00918,Furnitur Kayu Olahan 283,Wardrobe,True
SKU-FURN-00919,Furnitur Kayu Olahan 859,Wardrobe,True
SKU-FURN-00920,Furnitur Kayu Olahan 131,Meja Makan,True
SKU-FURN-00921,Furnitur Kayu Olahan 983,Bed,True
SKU-FURN-00922,Hiasan Meja / Karpet Aesthetic 27,Dekorasi,False
SKU-FURN-00923,Furnitur Kayu Olahan 711,Lemari,True
SKU-FURN-00924,Furnitur Kayu Olahan 509,Meja Makan,True
SKU-FURN-00925,Furnitur Kayu Olahan 539,Dining Table,True
SKU-FURN-00926,Furnitur Kayu Olahan 685,Meja Makan,True
SKU-FURN-00927,Furnitur Kayu Olahan 733,Bed,True
SKU-FURN-00928,Furnitur Kayu Olahan 192,Lemari,True
SKU-FURN-00929,Furnitur Kayu Olahan 819,Kursi Kerja,True
SKU-FURN-00930,Furnitur Kayu Olahan 125,Lemari,True
SKU-FURN-00931,Furnitur Kayu Olahan 587,Lemari,True
SKU-FURN-00932,Furnitur Kayu Olahan 412,Lemari,True
SKU-FURN-00933,Furnitur Kayu Olahan 135,Lemari,True
SKU-FURN-00934,Furnitur Kayu Olahan 818,Office Chair,True
SKU-FURN-00935,Furnitur Kayu Olahan 481,Kursi Kerja,True
SKU-FURN-00936,Sofa Japandi Minimalis 171,Sofa,False
SKU-FURN-00937,Furnitur Kayu Olahan 712,Bed,True
SKU-FURN-00938,Furnitur Kayu Olahan 784,Lemari,True
SKU-FURN-00939,Furnitur Kayu Olahan 237,Office Chair,True
SKU-FURN-00940,Hiasan Meja / Karpet Aesthetic 48,Dekorasi,False
SKU-FURN-00941,Hiasan Meja / Karpet Aesthetic 15,Dekorasi,False
SKU-FURN-00942,Sofa Japandi Minimalis 877,sofabed,True
SKU-FURN-00943,Furnitur Kayu Olahan 825,Office Chair,True
SKU-FURN-00944,Sofa Japandi Minimalis 582,sofabed,False
SKU-FURN-00945,Sofa Japandi Minimalis 972,sofabed,True
SKU-FURN-00946,Furnitur Kayu Olahan 767,Lemari,True
SKU-FURN-00947,Sofa Japandi Minimalis 296,Sofa,False
SKU-FURN-00948,Furnitur Kayu Olahan 986,Office Chair,True
SKU-FURN-00949,Furnitur Kayu Olahan 253,Dining Table,True
SKU-FURN-00950,Furnitur Kayu Olahan 573,Meja Makan,True
SKU-FURN-00951,Furnitur Kayu Olahan 426,Office Chair,True
SKU-FURN-00952,Furnitur Kayu Olahan 327,Dining Table,True
SKU-FURN-00953,Sofa Japandi Minimalis 525,sofabed,False
SKU-FURN-00954,Furnitur Kayu Olahan 578,Meja Makan,True
SKU-FURN-00955,Sofa Japandi Minimalis 148,Sofa,False
SKU-FURN-00956,Furnitur Kayu Olahan 161,Lemari,True
SKU-FURN-00957,Furnitur Kayu Olahan 832,Kursi Kerja,True
SKU-FURN-00958,Hiasan Meja / Karpet Aesthetic 94,Dekorasi,False
SKU-FURN-00959,Furnitur Kayu Olahan 927,Dining Table,True
SKU-FURN-00960,Furnitur Kayu Olahan 844,Kursi Kerja,True
SKU-FURN-00961,Sofa Japandi Minimalis 810,sofabed,False
SKU-FURN-00962,Furnitur Kayu Olahan 416,Dining Table,True
SKU-FURN-00963,Furnitur Kayu Olahan 178,Lemari,True
SKU-FURN-00964,Furnitur Kayu Olahan 206,Dining Table,True
SKU-FURN-00965,Hiasan Meja / Karpet Aesthetic 57,Dekorasi,False
SKU-FURN-00966,Furnitur Kayu Olahan 258,Meja Makan,True
SKU-FURN-00967,Furnitur Kayu Olahan 492,Meja Makan,True
SKU-FURN-00968,Furnitur Kayu Olahan 749,Kursi Kerja,True
SKU-FURN-00969,Furnitur Kayu Olahan 789,Lemari,True
SKU-FURN-00970,Furnitur Kayu Olahan 216,Lemari,True
SKU-FURN-00971,Furnitur Kayu Olahan 454,Office Chair,True
SKU-FURN-00972,Hiasan Meja / Karpet Aesthetic 29,Dekorasi,False
SKU-FURN-00973,Furnitur Kayu Olahan 327,Lemari,True
SKU-FURN-00974,Hiasan Meja / Karpet Aesthetic 23,Dekorasi,False
SKU-FURN-00975,Sofa Japandi Minimalis 742,Sofa,False
SKU-FURN-00976,Sofa Japandi Minimalis 646,Sofa,False
SKU-FURN-00977,Hiasan Meja / Karpet Aesthetic 27,Dekorasi,False
SKU-FURN-00978,Furnitur Kayu Olahan 329,Kursi Kerja,True
SKU-FURN-00979,Furnitur Kayu Olahan 767,Meja Makan,True
SKU-FURN-00980,Furnitur Kayu Olahan 225,Dining Table,True
SKU-FURN-00981,Furnitur Kayu Olahan 416,Meja Makan,True
SKU-FURN-00982,Furnitur Kayu Olahan 132,Office Chair,True
SKU-FURN-00983,Furnitur Kayu Olahan 482,lmri,True
SKU-FURN-00984,Furnitur Kayu Olahan 191,Office Chair,True
SKU-FURN-00985,Furnitur Kayu Olahan 991,Kursi Kerja,True
SKU-FURN-00986,Furnitur Kayu Olahan 508,Meja Makan,True
SKU-FURN-00987,Sofa Japandi Minimalis 514,Sofa,True
SKU-FURN-00988,Furnitur Kayu Olahan 163,Lemari,True
SKU-FURN-00989,Furnitur Kayu Olahan 107,Office Chair,True
SKU-FURN-00990,Sofa Japandi Minimalis 426,Sofa,True
SKU-FURN-00991,Sofa Japandi Minimalis 948,Sofa,False
SKU-FURN-00992,Furnitur Kayu Olahan 894,Meja Makan,True
SKU-FURN-00993,Furnitur Kayu Olahan 443,Dining Table,True
SKU-FURN-00994,Sofa Japandi Minimalis 950,Sofa,False
SKU-FURN-00995,Furnitur Kayu Olahan 589,Dining Table,True
SKU-FURN-00996,Hiasan Meja / Karpet Aesthetic 48,Dekorasi,False
SKU-FURN-00997,Furnitur Kayu Olahan 495,Bed,True
SKU-FURN-00998,Furnitur Kayu Olahan 217,lmri,True
SKU-FURN-00999,Hiasan Meja / Karpet Aesthetic 50,Dekorasi,False
SKU-FURN-01000,Furnitur Kayu Olahan 861,Meja Makan,True
SKU-FURN-01001,Furnitur Kayu Olahan 588,Meja Makan,True
SKU-FURN-01002,Sofa Japandi Minimalis 345,Sofa,True
SKU-FURN-01003,Furnitur Kayu Olahan 431,Bed,True
SKU-FURN-01004,Hiasan Meja / Karpet Aesthetic 48,Dekorasi,False
SKU-FURN-01005,Furnitur Kayu Olahan 549,Wardrobe,True
SKU-FURN-01006,Sofa Japandi Minimalis 735,Sofa,True
SKU-FURN-01007,Hiasan Meja / Karpet Aesthetic 89,Dekorasi,False
SKU-FURN-01008,Hiasan Meja / Karpet Aesthetic 83,Dekorasi,False
SKU-FURN-01009,Furnitur Kayu Olahan 336,Dining Table,True
SKU-FURN-01010,Hiasan Meja / Karpet Aesthetic 87,Dekorasi,False
SKU-FURN-01011,Furnitur Kayu Olahan 443,Lemari,True
SKU-FURN-01012,Furnitur Kayu Olahan 519,Wardrobe,True
SKU-FURN-01013,Hiasan Meja / Karpet Aesthetic 45,Dekorasi,False
SKU-FURN-01014,Furnitur Kayu Olahan 776,Dining Table,True
SKU-FURN-01015,Furnitur Kayu Olahan 323,Office Chair,True
SKU-FURN-01016,Furnitur Kayu Olahan 908,Kursi Kerja,True
SKU-FURN-01017,Furnitur Kayu Olahan 104,Kursi Kerja,True
SKU-FURN-01018,Furnitur Kayu Olahan 958,Office Chair,True
SKU-FURN-01019,Furnitur Kayu Olahan 515,Lemari,True
SKU-FURN-01020,Furnitur Kayu Olahan 956,Kursi Kerja,True
SKU-FURN-01021,Furnitur Kayu Olahan 320,Office Chair,True
SKU-FURN-01022,Furnitur Kayu Olahan 636,Kursi Kerja,True
SKU-FURN-01023,Furnitur Kayu Olahan 698,Kursi Kerja,True
SKU-FURN-01024,Furnitur Kayu Olahan 645,Meja Makan,True
SKU-FURN-01025,Furnitur Kayu Olahan 452,Dining Table,True
SKU-FURN-01026,Furnitur Kayu Olahan 282,lmri,True
SKU-FURN-01027,Furnitur Kayu Olahan 102,Office Chair,True
SKU-FURN-01028,Furnitur Kayu Olahan 902,Wardrobe,True
SKU-FURN-01029,Sofa Japandi Minimalis 978,Sofa,False
SKU-FURN-01030,Furnitur Kayu Olahan 334,Kursi Kerja,True
SKU-FURN-01031,Furnitur Kayu Olahan 335,Bed,True
SKU-FURN-01032,Furnitur Kayu Olahan 468,Dining Table,True
SKU-FURN-01033,Furnitur Kayu Olahan 185,Kursi Kerja,True
SKU-FURN-01034,Furnitur Kayu Olahan 253,lmri,True
SKU-FURN-01035,Furnitur Kayu Olahan 872,Kursi Kerja,True
SKU-FURN-01036,Furnitur Kayu Olahan 319,Meja Makan,True
SKU-FURN-01037,Furnitur Kayu Olahan 648,Meja Makan,True
SKU-FURN-01038,Furnitur Kayu Olahan 904,Wardrobe,True
SKU-FURN-01039,Hiasan Meja / Karpet Aesthetic 14,Dekorasi,False
SKU-FURN-01040,Furnitur Kayu Olahan 222,Dining Table,True
SKU-FURN-01041,Sofa Japandi Minimalis 838,Sofa,False
SKU-FURN-01042,Furnitur Kayu Olahan 671,Lemari,True
SKU-FURN-01043,Furnitur Kayu Olahan 801,Meja Makan,True
SKU-FURN-01044,Furnitur Kayu Olahan 579,Office Chair,True
SKU-FURN-01045,Hiasan Meja / Karpet Aesthetic 75,Dekorasi,False
SKU-FURN-01046,Sofa Japandi Minimalis 197,Sofa,False
SKU-FURN-01047,Furnitur Kayu Olahan 486,Wardrobe,True
SKU-FURN-01048,Furnitur Kayu Olahan 292,Meja Makan,True
SKU-FURN-01049,Furnitur Kayu Olahan 305,Kursi Kerja,True
SKU-FURN-01050,Hiasan Meja / Karpet Aesthetic 76,Dekorasi,False
SKU-FURN-01051,Sofa Japandi Minimalis 315,Sofa,False
SKU-FURN-01052,Furnitur Kayu Olahan 350,Lemari,True
SKU-FURN-01053,Furnitur Kayu Olahan 973,Wardrobe,True
SKU-FURN-01054,Furnitur Kayu Olahan 262,Office Chair,True
SKU-FURN-01055,Furnitur Kayu Olahan 865,Office Chair,True
SKU-FURN-01056,Sofa Japandi Minimalis 614,sofabed,False
SKU-FURN-01057,Hiasan Meja / Karpet Aesthetic 98,Dekorasi,False
SKU-FURN-01058,Furnitur Kayu Olahan 906,Wardrobe,True
SKU-FURN-01059,Furnitur Kayu Olahan 753,Kursi Kerja,True
SKU-FURN-01060,Furnitur Kayu Olahan 522,Bed,True
SKU-FURN-01061,Furnitur Kayu Olahan 954,Meja Makan,True
SKU-FURN-01062,Furnitur Kayu Olahan 756,lmri,True
SKU-FURN-01063,Furnitur Kayu Olahan 121,Bed,True
SKU-FURN-01064,Hiasan Meja / Karpet Aesthetic 77,Dekorasi,False
SKU-FURN-01065,Sofa Japandi Minimalis 176,Sofa,False
SKU-FURN-01066,Furnitur Kayu Olahan 230,Dining Table,True
SKU-FURN-01067,Hiasan Meja / Karpet Aesthetic 85,Dekorasi,False
SKU-FURN-01068,Furnitur Kayu Olahan 179,Wardrobe,True
SKU-FURN-01069,Furnitur Kayu Olahan 728,Kursi Kerja,True
SKU-FURN-01070,Furnitur Kayu Olahan 317,Dining Table,True
SKU-FURN-01071,Sofa Japandi Minimalis 110,sofabed,True
SKU-FURN-01072,Furnitur Kayu Olahan 184,Office Chair,True
SKU-FURN-01073,Furnitur Kayu Olahan 123,Office Chair,True
SKU-FURN-01074,Furnitur Kayu Olahan 507,Lemari,True
SKU-FURN-01075,Furnitur Kayu Olahan 728,Bed,True
SKU-FURN-01076,Furnitur Kayu Olahan 125,lmri,True
SKU-FURN-01077,Hiasan Meja / Karpet Aesthetic 22,Dekorasi,False
SKU-FURN-01078,Furnitur Kayu Olahan 934,Kursi Kerja,True
SKU-FURN-01079,Furnitur Kayu Olahan 925,Kursi Kerja,True
SKU-FURN-01080,Furnitur Kayu Olahan 947,Meja Makan,True
SKU-FURN-01081,Furnitur Kayu Olahan 293,Meja Makan,True
SKU-FURN-01082,Furnitur Kayu Olahan 783,Lemari,True
SKU-FURN-01083,Furnitur Kayu Olahan 730,Meja Makan,True
SKU-FURN-01084,Furnitur Kayu Olahan 324,Office Chair,True
SKU-FURN-01085,Furnitur Kayu Olahan 476,Meja Makan,True
SKU-FURN-01086,Sofa Japandi Minimalis 193,Sofa,False
SKU-FURN-01087,Furnitur Kayu Olahan 754,Bed,True
SKU-FURN-01088,Furnitur Kayu Olahan 149,Meja Makan,True
SKU-FURN-01089,Furnitur Kayu Olahan 439,lmri,True
SKU-FURN-01090,Furnitur Kayu Olahan 540,Dining Table,True
SKU-FURN-01091,Furnitur Kayu Olahan 135,Dining Table,True
SKU-FURN-01092,Sofa Japandi Minimalis 459,Sofa,False
SKU-FURN-01093,Furnitur Kayu Olahan 849,Wardrobe,True
SKU-FURN-01094,Furnitur Kayu Olahan 628,Wardrobe,True
SKU-FURN-01095,Hiasan Meja / Karpet Aesthetic 89,Dekorasi,False
SKU-FURN-01096,Furnitur Kayu Olahan 933,Meja Makan,True
SKU-FURN-01097,Furnitur Kayu Olahan 902,Dining Table,True
SKU-FURN-01098,Furnitur Kayu Olahan 320,Lemari,True
SKU-FURN-01099,Furnitur Kayu Olahan 518,Meja Makan,True
SKU-FURN-01100,Furnitur Kayu Olahan 920,Dining Table,True
SKU-FURN-01101,Hiasan Meja / Karpet Aesthetic 24,Dekorasi,False
SKU-FURN-01102,Furnitur Kayu Olahan 658,Kursi Kerja,True
SKU-FURN-01103,Furnitur Kayu Olahan 788,Lemari,True
SKU-FURN-01104,Furnitur Kayu Olahan 514,Kursi Kerja,True
SKU-FURN-01105,Sofa Japandi Minimalis 905,Sofa,True
SKU-FURN-01106,Furnitur Kayu Olahan 799,Office Chair,True
SKU-FURN-01107,Furnitur Kayu Olahan 871,Lemari,True
SKU-FURN-01108,Furnitur Kayu Olahan 288,Kursi Kerja,True
SKU-FURN-01109,Sofa Japandi Minimalis 926,Sofa,True
SKU-FURN-01110,Furnitur Kayu Olahan 890,Kursi Kerja,True
SKU-FURN-01111,Furnitur Kayu Olahan 204,Lemari,True
SKU-FURN-01112,Furnitur Kayu Olahan 616,Wardrobe,True
SKU-FURN-01113,Furnitur Kayu Olahan 478,Office Chair,True
SKU-FURN-01114,Sofa Japandi Minimalis 476,sofabed,True
SKU-FURN-01115,Hiasan Meja / Karpet Aesthetic 93,Dekorasi,False
SKU-FURN-01116,Furnitur Kayu Olahan 308,Office Chair,True
SKU-FURN-01117,Furnitur Kayu Olahan 181,lmri,True
SKU-FURN-01118,Sofa Japandi Minimalis 983,sofabed,True
SKU-FURN-01119,Furnitur Kayu Olahan 984,Lemari,True
SKU-FURN-01120,Sofa Japandi Minimalis 256,Sofa,False
SKU-FURN-01121,Furnitur Kayu Olahan 578,Kursi Kerja,True
SKU-FURN-01122,Furnitur Kayu Olahan 449,Lemari,True
SKU-FURN-01123,Sofa Japandi Minimalis 461,Sofa,True
SKU-FURN-01124,Furnitur Kayu Olahan 243,lmri,True
SKU-FURN-01125,Furnitur Kayu Olahan 300,Kursi Kerja,True
SKU-FURN-01126,Sofa Japandi Minimalis 786,Sofa,True
SKU-FURN-01127,Furnitur Kayu Olahan 585,Lemari,True
SKU-FURN-01128,Sofa Japandi Minimalis 396,sofabed,True
SKU-FURN-01129,Furnitur Kayu Olahan 153,Lemari,True
SKU-FURN-01130,Furnitur Kayu Olahan 155,Office Chair,True
SKU-FURN-01131,Furnitur Kayu Olahan 622,Office Chair,True
SKU-FURN-01132,Furnitur Kayu Olahan 225,Lemari,True
SKU-FURN-01133,Furnitur Kayu Olahan 449,Dining Table,True
SKU-FURN-01134,Furnitur Kayu Olahan 669,Wardrobe,True
SKU-FURN-01135,Furnitur Kayu Olahan 447,Office Chair,True
SKU-FURN-01136,Furnitur Kayu Olahan 150,Lemari,True
SKU-FURN-01137,Sofa Japandi Minimalis 712,Sofa,True
SKU-FURN-01138,Furnitur Kayu Olahan 287,Meja Makan,True
SKU-FURN-01139,Hiasan Meja / Karpet Aesthetic 93,Dekorasi,False
SKU-FURN-01140,Sofa Japandi Minimalis 887,sofabed,True
SKU-FURN-01141,Furnitur Kayu Olahan 235,Dining Table,True
SKU-FURN-01142,Sofa Japandi Minimalis 194,Sofa,False
SKU-FURN-01143,Sofa Japandi Minimalis 784,sofabed,False
SKU-FURN-01144,Sofa Japandi Minimalis 762,Sofa,False
SKU-FURN-01145,Sofa Japandi Minimalis 992,Sofa,False
SKU-FURN-01146,Furnitur Kayu Olahan 286,Wardrobe,True
SKU-FURN-01147,Furnitur Kayu Olahan 824,Lemari,True
SKU-FURN-01148,Furnitur Kayu Olahan 927,Office Chair,True
SKU-FURN-01149,Furnitur Kayu Olahan 769,Office Chair,True
SKU-FURN-01150,Hiasan Meja / Karpet Aesthetic 16,Dekorasi,False
SKU-FURN-01151,Furnitur Kayu Olahan 327,Bed,True
SKU-FURN-01152,Furnitur Kayu Olahan 173,lmri,True
SKU-FURN-01153,Furnitur Kayu Olahan 326,Meja Makan,True
SKU-FURN-01154,Furnitur Kayu Olahan 261,Office Chair,True
SKU-FURN-01155,Furnitur Kayu Olahan 659,Lemari,True
SKU-FURN-01156,Furnitur Kayu Olahan 882,Wardrobe,True
SKU-FURN-01157,Furnitur Kayu Olahan 573,Wardrobe,True
SKU-FURN-01158,Hiasan Meja / Karpet Aesthetic 30,Dekorasi,False
SKU-FURN-01159,Furnitur Kayu Olahan 891,Kursi Kerja,True
SKU-FURN-01160,Hiasan Meja / Karpet Aesthetic 14,Dekorasi,False
SKU-FURN-01161,Furnitur Kayu Olahan 579,Meja Makan,True
SKU-FURN-01162,Furnitur Kayu Olahan 870,Office Chair,True
SKU-FURN-01163,Hiasan Meja / Karpet Aesthetic 60,Dekorasi,False
SKU-FURN-01164,Furnitur Kayu Olahan 650,Dining Table,True
SKU-FURN-01165,Furnitur Kayu Olahan 234,Meja Makan,True
SKU-FURN-01166,Hiasan Meja / Karpet Aesthetic 33,Dekorasi,False
SKU-FURN-01167,Sofa Japandi Minimalis 374,Sofa,True
SKU-FURN-01168,Sofa Japandi Minimalis 340,Sofa,False
SKU-FURN-01169,Furnitur Kayu Olahan 982,Lemari,True
SKU-FURN-01170,Hiasan Meja / Karpet Aesthetic 52,Dekorasi,False
SKU-FURN-01171,Hiasan Meja / Karpet Aesthetic 50,Dekorasi,False
SKU-FURN-01172,Furnitur Kayu Olahan 795,Wardrobe,True
SKU-FURN-01173,Furnitur Kayu Olahan 535,Bed,True
SKU-FURN-01174,Furnitur Kayu Olahan 306,Meja Makan,True
SKU-FURN-01175,Hiasan Meja / Karpet Aesthetic 37,Dekorasi,False
SKU-FURN-01176,Furnitur Kayu Olahan 934,Office Chair,True
SKU-FURN-01177,Furnitur Kayu Olahan 436,Wardrobe,True
SKU-FURN-01178,Furnitur Kayu Olahan 809,Meja Makan,True
SKU-FURN-01179,Furnitur Kayu Olahan 514,Dining Table,True
SKU-FURN-01180,Furnitur Kayu Olahan 360,Wardrobe,True
SKU-FURN-01181,Sofa Japandi Minimalis 961,Sofa,False
SKU-FURN-01182,Furnitur Kayu Olahan 287,Lemari,True
SKU-FURN-01183,Furnitur Kayu Olahan 361,Wardrobe,True
SKU-FURN-01184,Furnitur Kayu Olahan 361,Meja Makan,True
SKU-FURN-01185,Hiasan Meja / Karpet Aesthetic 43,Dekorasi,False
SKU-FURN-01186,Sofa Japandi Minimalis 359,Sofa,False
SKU-FURN-01187,Furnitur Kayu Olahan 578,Wardrobe,True
SKU-FURN-01188,Sofa Japandi Minimalis 983,Sofa,True
SKU-FURN-01189,Furnitur Kayu Olahan 407,Dining Table,True
SKU-FURN-01190,Hiasan Meja / Karpet Aesthetic 20,Dekorasi,False
SKU-FURN-01191,Hiasan Meja / Karpet Aesthetic 81,Dekorasi,False
SKU-FURN-01192,Furnitur Kayu Olahan 118,Lemari,True
SKU-FURN-01193,Sofa Japandi Minimalis 680,Sofa,False
SKU-FURN-01194,Furnitur Kayu Olahan 194,Kursi Kerja,True
SKU-FURN-01195,Hiasan Meja / Karpet Aesthetic 11,Dekorasi,False
SKU-FURN-01196,Furnitur Kayu Olahan 276,Kursi Kerja,True
SKU-FURN-01197,Hiasan Meja / Karpet Aesthetic 68,Dekorasi,False
SKU-FURN-01198,Sofa Japandi Minimalis 111,Sofa,False
SKU-FURN-01199,Sofa Japandi Minimalis 741,Sofa,False
SKU-FURN-01200,Furnitur Kayu Olahan 890,Kursi Kerja,True
SKU-FURN-01201,Furnitur Kayu Olahan 910,Kursi Kerja,True
SKU-FURN-01202,Hiasan Meja / Karpet Aesthetic 40,Dekorasi,False
SKU-FURN-01203,Hiasan Meja / Karpet Aesthetic 77,Dekorasi,False
SKU-FURN-01204,Furnitur Kayu Olahan 886,Meja Makan,True
SKU-FURN-01205,Furnitur Kayu Olahan 868,Kursi Kerja,True
SKU-FURN-01206,Furnitur Kayu Olahan 409,Office Chair,True
SKU-FURN-01207,Furnitur Kayu Olahan 430,Dining Table,True
SKU-FURN-01208,Furnitur Kayu Olahan 717,Lemari,True
SKU-FURN-01209,Hiasan Meja / Karpet Aesthetic 64,Dekorasi,False
SKU-FURN-01210,Furnitur Kayu Olahan 737,Wardrobe,True
SKU-FURN-01211,Sofa Japandi Minimalis 207,Sofa,True
SKU-FURN-01212,Furnitur Kayu Olahan 851,Meja Makan,True
SKU-FURN-01213,Sofa Japandi Minimalis 533,Sofa,False
SKU-FURN-01214,Furnitur Kayu Olahan 132,Bed,True
SKU-FURN-01215,Furnitur Kayu Olahan 371,Kursi Kerja,True
SKU-FURN-01216,Hiasan Meja / Karpet Aesthetic 86,Dekorasi,False
SKU-FURN-01217,Furnitur Kayu Olahan 460,Lemari,True
SKU-FURN-01218,Furnitur Kayu Olahan 258,lmri,True
SKU-FURN-01219,Furnitur Kayu Olahan 612,Kursi Kerja,True
SKU-FURN-01220,Furnitur Kayu Olahan 992,Wardrobe,True
SKU-FURN-01221,Furnitur Kayu Olahan 765,Office Chair,True
SKU-FURN-01222,Furnitur Kayu Olahan 411,Meja Makan,True
SKU-FURN-01223,Furnitur Kayu Olahan 219,Wardrobe,True
SKU-FURN-01224,Sofa Japandi Minimalis 207,Sofa,True
SKU-FURN-01225,Furnitur Kayu Olahan 704,Meja Makan,True
SKU-FURN-01226,Hiasan Meja / Karpet Aesthetic 18,Dekorasi,False
SKU-FURN-01227,Furnitur Kayu Olahan 669,Wardrobe,True
SKU-FURN-01228,Hiasan Meja / Karpet Aesthetic 37,Dekorasi,False
SKU-FURN-01229,Sofa Japandi Minimalis 614,Sofa,False
SKU-FURN-01230,Furnitur Kayu Olahan 895,Lemari,True
SKU-FURN-01231,Sofa Japandi Minimalis 350,Sofa,False
SKU-FURN-01232,Furnitur Kayu Olahan 465,Dining Table,True
SKU-FURN-01233,Furnitur Kayu Olahan 821,Lemari,True
SKU-FURN-01234,Sofa Japandi Minimalis 560,Sofa,True
SKU-FURN-01235,Sofa Japandi Minimalis 145,Sofa,False
SKU-FURN-01236,Sofa Japandi Minimalis 777,sofabed,False
SKU-FURN-01237,Furnitur Kayu Olahan 555,lmri,True
SKU-FURN-01238,Furnitur Kayu Olahan 675,Dining Table,True
SKU-FURN-01239,Furnitur Kayu Olahan 876,Dining Table,True
SKU-FURN-01240,Furnitur Kayu Olahan 381,Wardrobe,True
SKU-FURN-01241,Sofa Japandi Minimalis 383,sofabed,False
SKU-FURN-01242,Hiasan Meja / Karpet Aesthetic 26,Dekorasi,False
SKU-FURN-01243,Furnitur Kayu Olahan 503,Wardrobe,True
SKU-FURN-01244,Sofa Japandi Minimalis 393,sofabed,True
SKU-FURN-01245,Sofa Japandi Minimalis 447,sofabed,False
SKU-FURN-01246,Hiasan Meja / Karpet Aesthetic 86,Dekorasi,False
SKU-FURN-01247,Furnitur Kayu Olahan 627,Meja Makan,True
SKU-FURN-01248,Sofa Japandi Minimalis 935,sofabed,True
SKU-FURN-01249,Furnitur Kayu Olahan 876,Meja Makan,True
SKU-FURN-01250,Furnitur Kayu Olahan 923,Office Chair,True
SKU-FURN-01251,Furnitur Kayu Olahan 339,Office Chair,True
SKU-FURN-01252,Furnitur Kayu Olahan 899,Kursi Kerja,True
SKU-FURN-01253,Furnitur Kayu Olahan 634,Office Chair,True
SKU-FURN-01254,Furnitur Kayu Olahan 993,Lemari,True
SKU-FURN-01255,Furnitur Kayu Olahan 495,Lemari,True
SKU-FURN-01256,Furnitur Kayu Olahan 615,lmri,True
SKU-FURN-01257,Furnitur Kayu Olahan 734,Office Chair,True
SKU-FURN-01258,Hiasan Meja / Karpet Aesthetic 41,Dekorasi,False
SKU-FURN-01259,Hiasan Meja / Karpet Aesthetic 54,Dekorasi,False
SKU-FURN-01260,Sofa Japandi Minimalis 994,Sofa,False
SKU-FURN-01261,Furnitur Kayu Olahan 698,Meja Makan,True
SKU-FURN-01262,Hiasan Meja / Karpet Aesthetic 55,Dekorasi,False
SKU-FURN-01263,Sofa Japandi Minimalis 914,Sofa,False
SKU-FURN-01264,Sofa Japandi Minimalis 961,Sofa,False
SKU-FURN-01265,Furnitur Kayu Olahan 829,Meja Makan,True
SKU-FURN-01266,Furnitur Kayu Olahan 425,Office Chair,True
SKU-FURN-01267,Furnitur Kayu Olahan 554,Bed,True
SKU-FURN-01268,Sofa Japandi Minimalis 369,Sofa,False
SKU-FURN-01269,Furnitur Kayu Olahan 433,Wardrobe,True
SKU-FURN-01270,Furnitur Kayu Olahan 392,lmri,True
SKU-FURN-01271,Furnitur Kayu Olahan 235,Meja Makan,True
SKU-FURN-01272,Furnitur Kayu Olahan 169,Office Chair,True
SKU-FURN-01273,Furnitur Kayu Olahan 157,Bed,True
SKU-FURN-01274,Furnitur Kayu Olahan 376,Lemari,True
SKU-FURN-01275,Sofa Japandi Minimalis 615,Sofa,True
SKU-FURN-01276,Sofa Japandi Minimalis 809,sofabed,True
SKU-FURN-01277,Furnitur Kayu Olahan 972,Bed,True
SKU-FURN-01278,Furnitur Kayu Olahan 731,Lemari,True
SKU-FURN-01279,Sofa Japandi Minimalis 876,Sofa,False
SKU-FURN-01280,Furnitur Kayu Olahan 135,Kursi Kerja,True
SKU-FURN-01281,Furnitur Kayu Olahan 178,Lemari,True
SKU-FURN-01282,Furnitur Kayu Olahan 497,Bed,True
SKU-FURN-01283,Furnitur Kayu Olahan 306,Meja Makan,True
SKU-FURN-01284,Sofa Japandi Minimalis 100,Sofa,False
SKU-FURN-01285,Furnitur Kayu Olahan 921,Kursi Kerja,True
SKU-FURN-01286,Furnitur Kayu Olahan 361,Meja Makan,True
SKU-FURN-01287,Furnitur Kayu Olahan 496,Meja Makan,True
SKU-FURN-01288,Sofa Japandi Minimalis 420,Sofa,False
SKU-FURN-01289,Hiasan Meja / Karpet Aesthetic 16,Dekorasi,False
SKU-FURN-01290,Furnitur Kayu Olahan 962,Office Chair,True
SKU-FURN-01291,Sofa Japandi Minimalis 110,Sofa,False
SKU-FURN-01292,Furnitur Kayu Olahan 881,Wardrobe,True
SKU-FURN-01293,Hiasan Meja / Karpet Aesthetic 61,Dekorasi,False
SKU-FURN-01294,Sofa Japandi Minimalis 957,Sofa,False
SKU-FURN-01295,Furnitur Kayu Olahan 706,Wardrobe,True
SKU-FURN-01296,Furnitur Kayu Olahan 820,Meja Makan,True
SKU-FURN-01297,Hiasan Meja / Karpet Aesthetic 32,Dekorasi,False
SKU-FURN-01298,Furnitur Kayu Olahan 663,Dining Table,True
SKU-FURN-01299,Furnitur Kayu Olahan 222,Bed,True
SKU-FURN-01300,Furnitur Kayu Olahan 781,Kursi Kerja,True
SKU-FURN-01301,Furnitur Kayu Olahan 101,Wardrobe,True
SKU-FURN-01302,Furnitur Kayu Olahan 194,Kursi Kerja,True
SKU-FURN-01303,Furnitur Kayu Olahan 605,Lemari,True
SKU-FURN-01304,Furnitur Kayu Olahan 365,Bed,True
SKU-FURN-01305,Hiasan Meja / Karpet Aesthetic 40,Dekorasi,False
SKU-FURN-01306,Furnitur Kayu Olahan 700,Kursi Kerja,True
SKU-FURN-01307,Sofa Japandi Minimalis 464,sofabed,False
SKU-FURN-01308,Hiasan Meja / Karpet Aesthetic 50,Dekorasi,False
SKU-FURN-01309,Furnitur Kayu Olahan 980,Office Chair,True
SKU-FURN-01310,Furnitur Kayu Olahan 791,Lemari,True
SKU-FURN-01311,Sofa Japandi Minimalis 692,Sofa,False
SKU-FURN-01312,Hiasan Meja / Karpet Aesthetic 89,Dekorasi,False
SKU-FURN-01313,Hiasan Meja / Karpet Aesthetic 17,Dekorasi,False
SKU-FURN-01314,Furnitur Kayu Olahan 961,Kursi Kerja,True
SKU-FURN-01315,Furnitur Kayu Olahan 915,Lemari,True
SKU-FURN-01316,Sofa Japandi Minimalis 547,Sofa,True
SKU-FURN-01317,Furnitur Kayu Olahan 388,Office Chair,True
SKU-FURN-01318,Furnitur Kayu Olahan 270,Dining Table,True
SKU-FURN-01319,Furnitur Kayu Olahan 484,lmri,True
SKU-FURN-01320,Sofa Japandi Minimalis 781,Sofa,False
SKU-FURN-01321,Sofa Japandi Minimalis 525,sofabed,False
SKU-FURN-01322,Hiasan Meja / Karpet Aesthetic 36,Dekorasi,False
SKU-FURN-01323,Hiasan Meja / Karpet Aesthetic 41,Dekorasi,False
SKU-FURN-01324,Sofa Japandi Minimalis 519,Sofa,True
SKU-FURN-01325,Furnitur Kayu Olahan 636,Bed,True
SKU-FURN-01326,Furnitur Kayu Olahan 953,Bed,True
SKU-FURN-01327,Furnitur Kayu Olahan 984,Lemari,True
SKU-FURN-01328,Sofa Japandi Minimalis 559,sofabed,False
SKU-FURN-01329,Furnitur Kayu Olahan 888,Dining Table,True
SKU-FURN-01330,Sofa Japandi Minimalis 787,Sofa,False
SKU-FURN-01331,Sofa Japandi Minimalis 959,Sofa,True
SKU-FURN-01332,Sofa Japandi Minimalis 148,Sofa,False
SKU-FURN-01333,Furnitur Kayu Olahan 243,Office Chair,True
SKU-FURN-01334,Sofa Japandi Minimalis 542,sofabed,False
SKU-FURN-01335,Furnitur Kayu Olahan 985,Lemari,True
SKU-FURN-01336,Furnitur Kayu Olahan 992,Kursi Kerja,True
SKU-FURN-01337,Furnitur Kayu Olahan 714,Dining Table,True
SKU-FURN-01338,Furnitur Kayu Olahan 582,Dining Table,True
SKU-FURN-01339,Furnitur Kayu Olahan 269,Bed,True
SKU-FURN-01340,Furnitur Kayu Olahan 699,Meja Makan,True
SKU-FURN-01341,Furnitur Kayu Olahan 367,lmri,True
SKU-FURN-01342,Furnitur Kayu Olahan 643,Dining Table,True
SKU-FURN-01343,Sofa Japandi Minimalis 840,Sofa,False
SKU-FURN-01344,Furnitur Kayu Olahan 758,lmri,True
SKU-FURN-01345,Furnitur Kayu Olahan 538,Wardrobe,True
SKU-FURN-01346,Furnitur Kayu Olahan 865,Office Chair,True
SKU-FURN-01347,Furnitur Kayu Olahan 443,Wardrobe,True
SKU-FURN-01348,Sofa Japandi Minimalis 676,Sofa,False
SKU-FURN-01349,Furnitur Kayu Olahan 459,Kursi Kerja,True
SKU-FURN-01350,Furnitur Kayu Olahan 830,Kursi Kerja,True
SKU-FURN-01351,Furnitur Kayu Olahan 359,Wardrobe,True
SKU-FURN-01352,Furnitur Kayu Olahan 689,Dining Table,True
SKU-FURN-01353,Hiasan Meja / Karpet Aesthetic 50,Dekorasi,False
SKU-FURN-01354,Furnitur Kayu Olahan 847,Office Chair,True
SKU-FURN-01355,Sofa Japandi Minimalis 902,Sofa,False
SKU-FURN-01356,Furnitur Kayu Olahan 414,Kursi Kerja,True
SKU-FURN-01357,Furnitur Kayu Olahan 219,Office Chair,True
SKU-FURN-01358,Hiasan Meja / Karpet Aesthetic 26,Dekorasi,False
SKU-FURN-01359,Furnitur Kayu Olahan 760,Wardrobe,True
SKU-FURN-01360,Furnitur Kayu Olahan 144,Kursi Kerja,True
SKU-FURN-01361,Hiasan Meja / Karpet Aesthetic 80,Dekorasi,False
SKU-FURN-01362,Furnitur Kayu Olahan 478,Meja Makan,True
SKU-FURN-01363,Hiasan Meja / Karpet Aesthetic 77,Dekorasi,False
SKU-FURN-01364,Furnitur Kayu Olahan 842,Wardrobe,True
SKU-FURN-01365,Furnitur Kayu Olahan 512,Kursi Kerja,True
SKU-FURN-01366,Furnitur Kayu Olahan 611,Dining Table,True
SKU-FURN-01367,Furnitur Kayu Olahan 102,lmri,True
SKU-FURN-01368,Hiasan Meja / Karpet Aesthetic 72,Dekorasi,False
SKU-FURN-01369,Sofa Japandi Minimalis 470,Sofa,True
SKU-FURN-01370,Sofa Japandi Minimalis 201,Sofa,False
SKU-FURN-01371,Furnitur Kayu Olahan 540,Lemari,True
SKU-FURN-01372,Sofa Japandi Minimalis 855,sofabed,False
SKU-FURN-01373,Furnitur Kayu Olahan 206,Kursi Kerja,True
SKU-FURN-01374,Furnitur Kayu Olahan 175,Wardrobe,True
SKU-FURN-01375,Sofa Japandi Minimalis 446,Sofa,True
SKU-FURN-01376,Furnitur Kayu Olahan 595,Wardrobe,True
SKU-FURN-01377,Furnitur Kayu Olahan 317,Lemari,True
SKU-FURN-01378,Furnitur Kayu Olahan 439,Dining Table,True
SKU-FURN-01379,Hiasan Meja / Karpet Aesthetic 97,Dekorasi,False
SKU-FURN-01380,Furnitur Kayu Olahan 695,Office Chair,True
SKU-FURN-01381,Furnitur Kayu Olahan 117,Wardrobe,True
SKU-FURN-01382,Furnitur Kayu Olahan 443,lmri,True
SKU-FURN-01383,Furnitur Kayu Olahan 969,Wardrobe,True
SKU-FURN-01384,Sofa Japandi Minimalis 787,Sofa,False
SKU-FURN-01385,Sofa Japandi Minimalis 846,sofabed,False
SKU-FURN-01386,Furnitur Kayu Olahan 677,Wardrobe,True
SKU-FURN-01387,Furnitur Kayu Olahan 380,lmri,True
SKU-FURN-01388,Furnitur Kayu Olahan 175,Kursi Kerja,True
SKU-FURN-01389,Furnitur Kayu Olahan 192,Wardrobe,True
SKU-FURN-01390,Furnitur Kayu Olahan 588,Lemari,True
SKU-FURN-01391,Furnitur Kayu Olahan 250,Meja Makan,True
SKU-FURN-01392,Furnitur Kayu Olahan 361,Office Chair,True
SKU-FURN-01393,Furnitur Kayu Olahan 438,Lemari,True
SKU-FURN-01394,Furnitur Kayu Olahan 602,Bed,True
SKU-FURN-01395,Furnitur Kayu Olahan 771,Meja Makan,True
SKU-FURN-01396,Furnitur Kayu Olahan 774,Meja Makan,True
SKU-FURN-01397,Furnitur Kayu Olahan 754,Wardrobe,True
SKU-FURN-01398,Sofa Japandi Minimalis 747,Sofa,True
SKU-FURN-01399,Furnitur Kayu Olahan 482,Kursi Kerja,True
SKU-FURN-01400,Furnitur Kayu Olahan 776,lmri,True
SKU-FURN-01401,Furnitur Kayu Olahan 152,Office Chair,True
SKU-FURN-01402,Furnitur Kayu Olahan 997,Dining Table,True
SKU-FURN-01403,Furnitur Kayu Olahan 694,Kursi Kerja,True
SKU-FURN-01404,Furnitur Kayu Olahan 713,Kursi Kerja,True
SKU-FURN-01405,Furnitur Kayu Olahan 840,Lemari,True
SKU-FURN-01406,Furnitur Kayu Olahan 762,Office Chair,True
SKU-FURN-01407,Furnitur Kayu Olahan 703,Lemari,True
SKU-FURN-01408,Furnitur Kayu Olahan 812,Office Chair,True
SKU-FURN-01409,Sofa Japandi Minimalis 566,Sofa,True
SKU-FURN-01410,Sofa Japandi Minimalis 211,Sofa,True
SKU-FURN-01411,Furnitur Kayu Olahan 649,Dining Table,True
SKU-FURN-01412,Furnitur Kayu Olahan 201,Office Chair,True
SKU-FURN-01413,Furnitur Kayu Olahan 798,lmri,True
SKU-FURN-01414,Furnitur Kayu Olahan 113,Dining Table,True
SKU-FURN-01415,Furnitur Kayu Olahan 562,Bed,True
SKU-FURN-01416,Sofa Japandi Minimalis 522,Sofa,True
SKU-FURN-01417,Sofa Japandi Minimalis 335,sofabed,True
SKU-FURN-01418,Sofa Japandi Minimalis 545,Sofa,False
SKU-FURN-01419,Furnitur Kayu Olahan 402,Kursi Kerja,True
SKU-FURN-01420,Furnitur Kayu Olahan 721,Office Chair,True
SKU-FURN-01421,Sofa Japandi Minimalis 760,Sofa,False
SKU-FURN-01422,Sofa Japandi Minimalis 419,Sofa,True
SKU-FURN-01423,Sofa Japandi Minimalis 437,sofabed,False
SKU-FURN-01424,Hiasan Meja / Karpet Aesthetic 63,Dekorasi,False
SKU-FURN-01425,Furnitur Kayu Olahan 121,Office Chair,True
SKU-FURN-01426,Furnitur Kayu Olahan 957,Dining Table,True
SKU-FURN-01427,Sofa Japandi Minimalis 520,Sofa,True
SKU-FURN-01428,Furnitur Kayu Olahan 582,Kursi Kerja,True
SKU-FURN-01429,Sofa Japandi Minimalis 114,Sofa,False
SKU-FURN-01430,Furnitur Kayu Olahan 292,Lemari,True
SKU-FURN-01431,Furnitur Kayu Olahan 675,Meja Makan,True
SKU-FURN-01432,Furnitur Kayu Olahan 789,Kursi Kerja,True
SKU-FURN-01433,Furnitur Kayu Olahan 544,Lemari,True
SKU-FURN-01434,Furnitur Kayu Olahan 103,Lemari,True
SKU-FURN-01435,Hiasan Meja / Karpet Aesthetic 63,Dekorasi,False
SKU-FURN-01436,Furnitur Kayu Olahan 567,Meja Makan,True
SKU-FURN-01437,Hiasan Meja / Karpet Aesthetic 87,Dekorasi,False
SKU-FURN-01438,Hiasan Meja / Karpet Aesthetic 17,Dekorasi,False
SKU-FURN-01439,Furnitur Kayu Olahan 525,Wardrobe,True
SKU-FURN-01440,Hiasan Meja / Karpet Aesthetic 40,Dekorasi,False
SKU-FURN-01441,Furnitur Kayu Olahan 293,Office Chair,True
SKU-FURN-01442,Hiasan Meja / Karpet Aesthetic 55,Dekorasi,False
SKU-FURN-01443,Hiasan Meja / Karpet Aesthetic 48,Dekorasi,False
SKU-FURN-01444,Sofa Japandi Minimalis 129,Sofa,False
SKU-FURN-01445,Sofa Japandi Minimalis 154,Sofa,True
SKU-FURN-01446,Furnitur Kayu Olahan 623,Lemari,True
SKU-FURN-01447,Furnitur Kayu Olahan 919,Office Chair,True
SKU-FURN-01448,Furnitur Kayu Olahan 945,Kursi Kerja,True
SKU-FURN-01449,Sofa Japandi Minimalis 317,Sofa,True
SKU-FURN-01450,Furnitur Kayu Olahan 949,Office Chair,True
SKU-FURN-01451,Furnitur Kayu Olahan 211,Bed,True
SKU-FURN-01452,Hiasan Meja / Karpet Aesthetic 15,Dekorasi,False
SKU-FURN-01453,Furnitur Kayu Olahan 983,Meja Makan,True
SKU-FURN-01454,Furnitur Kayu Olahan 193,Lemari,True
SKU-FURN-01455,Hiasan Meja / Karpet Aesthetic 76,Dekorasi,False
SKU-FURN-01456,Hiasan Meja / Karpet Aesthetic 19,Dekorasi,False
SKU-FURN-01457,Furnitur Kayu Olahan 825,Kursi Kerja,True
SKU-FURN-01458,Hiasan Meja / Karpet Aesthetic 64,Dekorasi,False
SKU-FURN-01459,Hiasan Meja / Karpet Aesthetic 58,Dekorasi,False
SKU-FURN-01460,Furnitur Kayu Olahan 882,Meja Makan,True
SKU-FURN-01461,Furnitur Kayu Olahan 903,Kursi Kerja,True
SKU-FURN-01462,Furnitur Kayu Olahan 795,Meja Makan,True
SKU-FURN-01463,Furnitur Kayu Olahan 598,Wardrobe,True
SKU-FURN-01464,Furnitur Kayu Olahan 641,Bed,True
SKU-FURN-01465,Sofa Japandi Minimalis 720,sofabed,True
SKU-FURN-01466,Furnitur Kayu Olahan 408,Lemari,True
SKU-FURN-01467,Hiasan Meja / Karpet Aesthetic 29,Dekorasi,False
SKU-FURN-01468,Furnitur Kayu Olahan 658,Meja Makan,True
SKU-FURN-01469,Sofa Japandi Minimalis 625,Sofa,False
SKU-FURN-01470,Sofa Japandi Minimalis 233,Sofa,False
SKU-FURN-01471,Furnitur Kayu Olahan 108,Meja Makan,True
SKU-FURN-01472,Hiasan Meja / Karpet Aesthetic 13,Dekorasi,False
SKU-FURN-01473,Furnitur Kayu Olahan 946,Lemari,True
SKU-FURN-01474,Hiasan Meja / Karpet Aesthetic 16,Dekorasi,False
SKU-FURN-01475,Furnitur Kayu Olahan 358,lmri,True
SKU-FURN-01476,Furnitur Kayu Olahan 582,Kursi Kerja,True
SKU-FURN-01477,Sofa Japandi Minimalis 810,sofabed,False
SKU-FURN-01478,Furnitur Kayu Olahan 270,Bed,True
SKU-FURN-01479,Furnitur Kayu Olahan 625,Kursi Kerja,True
SKU-FURN-01480,Furnitur Kayu Olahan 515,Dining Table,True
SKU-FURN-01481,Furnitur Kayu Olahan 824,Office Chair,True
SKU-FURN-01482,Furnitur Kayu Olahan 574,Meja Makan,True
SKU-FURN-01483,Furnitur Kayu Olahan 773,Kursi Kerja,True
SKU-FURN-01484,Sofa Japandi Minimalis 771,Sofa,True
SKU-FURN-01485,Furnitur Kayu Olahan 558,Wardrobe,True
SKU-FURN-01486,Furnitur Kayu Olahan 377,Wardrobe,True
SKU-FURN-01487,Furnitur Kayu Olahan 184,Office Chair,True
SKU-FURN-01488,Hiasan Meja / Karpet Aesthetic 69,Dekorasi,False
SKU-FURN-01489,Furnitur Kayu Olahan 511,Bed,True
SKU-FURN-01490,Furnitur Kayu Olahan 112,Meja Makan,True
SKU-FURN-01491,Sofa Japandi Minimalis 476,sofabed,False
SKU-FURN-01492,Furnitur Kayu Olahan 393,Office Chair,True
SKU-FURN-01493,Sofa Japandi Minimalis 717,sofabed,False
SKU-FURN-01494,Furnitur Kayu Olahan 922,Meja Makan,True
SKU-FURN-01495,Furnitur Kayu Olahan 394,Office Chair,True
SKU-FURN-01496,Sofa Japandi Minimalis 932,Sofa,False
SKU-FURN-01497,Furnitur Kayu Olahan 956,lmri,True
SKU-FURN-01498,Furnitur Kayu Olahan 774,Wardrobe,True
SKU-FURN-01499,Furnitur Kayu Olahan 642,Dining Table,True
SKU-FURN-01500,Furnitur Kayu Olahan 559,Office Chair,True
